WJRBRSLFGCUECM-UHFFFAOYSA-N,28
WDWDWGRYHDPSDS-UHFFFAOYSA-N,49
YLQBMQCUIZJEEH-UHFFFAOYSA-N,110
RFFLAFLAYFXFSW-UHFFFAOYSA-N,68
FZWLAAWBMGSTSO-UHFFFAOYSA-N,170
CZPWVGJYEJSRLH-UHFFFAOYSA-N,217
WSFSSNUMVMOOMR-UHFFFAOYSA-N,841
HYZJCKYKOHLVJF-UHFFFAOYSA-N,120
KFZMGEQAYNKOFK-UHFFFAOYSA-N,205
GLUUGHFHXGJENI-UHFFFAOYSA-N,489
QTBSBXVTEAMEQO-UHFFFAOYSA-N,495
VGGSQFUCUMXWEO-UHFFFAOYSA-N,598
PYLWMHQQBFSUBP-UHFFFAOYSA-N,444
OTMSDBZUPAUEDD-UHFFFAOYSA-N,2881
QUSNBJAOOMFDIB-UHFFFAOYSA-N,381
UHOVQNZJYSORNB-UHFFFAOYSA-N,4020
YNPNZTXNASCQKK-UHFFFAOYSA-N,2
RAHZWNYVWXNFOC-UHFFFAOYSA-N,110
XDTMQSROBMDMFD-UHFFFAOYSA-N,356
OKKJLVBELUTLKV-UHFFFAOYSA-N,2512
XSQUKJJJFZCRTK-UHFFFAOYSA-N,99
ZRALSGWEFCBTJO-UHFFFAOYSA-N,59
DNIAPMSPPWPWGF-UHFFFAOYSA-N,179
ISAKRJDGNUQOIC-UHFFFAOYSA-N,56
VEXZGXHMUGYJMC-UHFFFAOYSA-N,5
BDAGIHXWWSANSR-UHFFFAOYSA-N,2282
XLYOFNOQVPJJNP-UHFFFAOYSA-N,2366
GRYLNZFGIOXLOG-UHFFFAOYSA-N,19
KCGKYAORRXGWMN-UHFFFAOYSA-N,13
RIBUJTDHWAVEMD-UHFFFAOYSA-N,1
QGZKDVFQNNGYKY-UHFFFAOYSA-N,1074
AHZVGADFMXTGBU-UHFFFAOYSA-N,238
SIKJAQJRHWYJAI-UHFFFAOYSA-N,157
NQRYJNQNLNOLGT-UHFFFAOYSA-N,624
ATUOYWHBWRKTHZ-UHFFFAOYSA-N,1724
VNWKTOKETHGBQD-UHFFFAOYSA-N,4039
ZYGHJZDHTFUPRJ-UHFFFAOYSA-N,36
MVPPADPHJFYWMZ-UHFFFAOYSA-N,637
NKSZCPBUWGZONP-UHFFFAOYSA-N,5
DLFVBJFMPXGRIB-UHFFFAOYSA-N,283
LFQSCWFLJHTTHZ-UHFFFAOYSA-N,932
WPDAVTSOEQEGMS-UHFFFAOYSA-N,1
GETQZCLCWQTVFV-UHFFFAOYSA-N,313
XPDWGBQVDMORPB-UHFFFAOYSA-N,312
DZBUGLKDJFMEHC-UHFFFAOYSA-N,11
NBIIXXVUZAFLBC-UHFFFAOYSA-N,63
VTGOHKSTWXHQJK-UHFFFAOYSA-N,41
RXBYRTSOWREATF-UHFFFAOYSA-N,4
UBQKCCHYAOITMY-UHFFFAOYSA-N,35
BDERNNFJNOPAEC-UHFFFAOYSA-N,56
IKHGUXGNUITLKF-UHFFFAOYSA-N,283
TWXZRIJYZWYDIR-UHFFFAOYSA-N,2
DGGKXQQCVPAUEA-UHFFFAOYSA-N,44
ZHNUHDYFZUAESO-UHFFFAOYSA-N,1441
PMZDQRJGMBOQBF-UHFFFAOYSA-N,14
BNBQRQQYDMDJAH-UHFFFAOYSA-N,32
HRYZWHHZPQKTII-UHFFFAOYSA-N,45
BAVYZALUXZFZLV-UHFFFAOYSA-N,500
LCGLNKUTAGEVQW-UHFFFAOYSA-N,173
DHXVGJBLRPWPCS-UHFFFAOYSA-N,309
NNPPMTNAJDCUHE-UHFFFAOYSA-N,358
ROSDSFDQCJNGOL-UHFFFAOYSA-N,339
IAYPIBMASNFSPL-UHFFFAOYSA-N,40
QAOWNCQODCNURD-UHFFFAOYSA-N,20
CSCPPACGZOOCGX-UHFFFAOYSA-N,6
BYTRPZLYYIPRLJ-UHFFFAOYSA-N,2
PJUIMOJAAPLTRJ-UHFFFAOYSA-N,3
BYZXOYSEYWCLOK-UHFFFAOYSA-N,25
KZNICNPSHKQLFF-UHFFFAOYSA-N,18
MHAJPDPJQMAIIY-UHFFFAOYSA-N,2
MRIMWDXKBILRPB-UHFFFAOYSA-N,6
VKPPFDPXZWFDFA-UHFFFAOYSA-N,6
LSDPWZHWYPCBBB-UHFFFAOYSA-N,155
GQZXNSPRSGFJLY-UHFFFAOYSA-N,8
YFMFNYKEUDLDTL-UHFFFAOYSA-N,1
WJFKNYWRSNBZNX-UHFFFAOYSA-N,73
WYURNTSHIVDZCO-UHFFFAOYSA-N,193
KDCGOANMDULRCW-UHFFFAOYSA-N,92
MWWATHDPGQKSAR-UHFFFAOYSA-N,30
TZIHFWKZFHZASV-UHFFFAOYSA-N,336
BQRBAXFOPZRMCU-UHFFFAOYSA-N,4
ICJNAOJPUTYWNV-UHFFFAOYSA-N,2
KJUGUADJHNHALS-UHFFFAOYSA-N,83
JUJWROOIHBZHMG-UHFFFAOYSA-N,561
DNCYBUMDUBHIJZ-UHFFFAOYSA-N,12
QMMFVYPAHWMCMS-UHFFFAOYSA-N,36
XGEGHDBEHXKFPX-UHFFFAOYSA-N,13
QFXXWZCOIVFPGL-UHFFFAOYSA-N,1
PNKUSGQVOMIXLU-UHFFFAOYSA-N,52
ZRHUHDUEXWHZMA-UHFFFAOYSA-N,3
IYYZUPMFVPLQIF-UHFFFAOYSA-N,1
OFCNXPDARWKPPY-UHFFFAOYSA-N,3
XPPKVPWEQAFLFU-UHFFFAOYSA-N,3
CVHZOJJKTDOEJC-UHFFFAOYSA-N,6
LRFVTYWOQMYALW-UHFFFAOYSA-N,66
IAZDPXIOMUYVGZ-UHFFFAOYSA-N,3
UYPMNAUBXQNQOD-UHFFFAOYSA-N,1
GIWQDLIGAOKZBK-UHFFFAOYSA-N,1
JJWLVOIRVHMVIS-UHFFFAOYSA-N,164
BZHJMEDXRYGGRV-UHFFFAOYSA-N,13
OXFSTTJBVAAALW-UHFFFAOYSA-N,4
LWNIAOVFYCEEPT-UHFFFAOYSA-N,66
DWLVWMUCHSLGSU-UHFFFAOYSA-N,7
RRUDCFGSUDOHDG-UHFFFAOYSA-N,8
ZOBPZXTWZATXDG-UHFFFAOYSA-N,16
MSXVEPNJUHWQHW-UHFFFAOYSA-N,4
RAXXELZNTBOGNW-UHFFFAOYSA-N,223
BLNWTAHYTCHDJH-UHFFFAOYSA-N,218
WYNCHZVNFNFDNH-UHFFFAOYSA-N,2
GHASVSINZRGABV-UHFFFAOYSA-N,8
FDGQSTZJBFJUBT-UHFFFAOYSA-N,20
ZCCUUQDIBDJBTK-UHFFFAOYSA-N,6
BVKZGUZCCUSVTD-UHFFFAOYSA-N,29
LVOMZOZCZIERRH-UHFFFAOYSA-N,1
XMBWDFGMSWQBCA-UHFFFAOYSA-N,1
OSTGTTZJOCZWJG-UHFFFAOYSA-N,10
OTAFHZMPRISVEM-UHFFFAOYSA-N,54
OAKJQQAXSVQMHS-UHFFFAOYSA-N,14
QAKLYGPWXJYYPX-UHFFFAOYSA-N,1
GPIUUMROPXDNRH-UHFFFAOYSA-N,1
LVZWSLJZHVFIQJ-UHFFFAOYSA-N,237
ZEMGGZBWXRYJHK-UHFFFAOYSA-N,4
MTNDZQHUAFNZQY-UHFFFAOYSA-N,55
PEDCQBHIVMGVHV-UHFFFAOYSA-N,11
VSNHCAURESNICA-UHFFFAOYSA-N,4
CKIHZSGJPSDCNC-UHFFFAOYSA-N,8
BDHFUVZGWQCTTF-UHFFFAOYSA-N,80
KXDHJXZQYSOELW-UHFFFAOYSA-N,123
FTNJQNQLEGKTGD-UHFFFAOYSA-N,46
FCEHBMOGCRZNNI-UHFFFAOYSA-N,17
HEDRZPFGACZZDS-UHFFFAOYSA-N,6
ZPQOPVIELGIULI-UHFFFAOYSA-N,127
DISXFZWKRTZTRI-UHFFFAOYSA-N,5
LKKVDASEMCCQFX-UHFFFAOYSA-N,8
QQONPFPTGQHPMA-UHFFFAOYSA-N,283
ORSUMIZRRGPJBR-UHFFFAOYSA-N,16
WTHVYNDBLHHUQG-UHFFFAOYSA-N,1
FRPFEVLOFNAKBS-UHFFFAOYSA-N,5
UDJFKMQGBCKZQC-UHFFFAOYSA-N,2
OKXYPUDKVYVJDI-UHFFFAOYSA-N,3
ATHHXGZTWNVVOU-UHFFFAOYSA-N,260
VEZXCJBBBCKRPI-UHFFFAOYSA-N,2
KRZVXWRCQRFOLN-UHFFFAOYSA-N,23
FTAHXMZRJCZXDL-UHFFFAOYSA-N,22
MYTGFBZJLDLWQG-UHFFFAOYSA-N,9
GNVRJGIVDSQCOP-UHFFFAOYSA-N,166
TZFWDZFKRBELIQ-UHFFFAOYSA-N,1
ZMXDDKWLCZADIW-UHFFFAOYSA-N,49
NSPMIYGKQJPBQR-UHFFFAOYSA-N,61
SMWDFEZZVXVKRB-UHFFFAOYSA-N,117
LCUZZRNKFOGKJR-UHFFFAOYSA-N,1
INAXVFBXDYWQFN-UHFFFAOYSA-N,14
GETQZCLCWQTVFV-UHFFFAOYSA-O,13
NIHNNTQXNPWCJQ-UHFFFAOYSA-N,4
JAUOIFJMECXRGI-UHFFFAOYSA-N,3
CRSOQBOWXPBRES-UHFFFAOYSA-N,37
ILPMNVPFPXMQAD-UHFFFAOYSA-N,1
LELOWRISYMNNSU-UHFFFAOYSA-N,246
OWIUPIRUAQMTTK-UHFFFAOYSA-N,4
CRDNMYFJWFXOCH-BUHFOSPRSA-N,1
OAYRYNVEFFWSHK-UHFFFAOYSA-N,2
VSEAAEQOQBMPQF-UHFFFAOYSA-N,3
HXNFUBHNUDHIGC-UHFFFAOYSA-N,1
WNXJIVFYUVYPPR-UHFFFAOYSA-N,37
UFWIBTONFRDIAS-UHFFFAOYSA-N,133
JWVCLYRUEFBMGU-UHFFFAOYSA-N,54
RHVCCFKUACIGSM-UHFFFAOYSA-N,7
AAILEWXSEQLMNI-UHFFFAOYSA-N,11
YNAVUWVOSKDBBP-UHFFFAOYSA-N,193
CXWXQJXEFPUFDZ-UHFFFAOYSA-N,34
UACIBCPNAKBWHX-UHFFFAOYSA-N,56
GLUUGHFHXGJENI-UHFFFAOYSA-O,3
JUJWROOIHBZHMG-UHFFFAOYSA-O,30
SQDFHQJTAWCFIB-UHFFFAOYSA-N,37
OGYGFUAIIOPWQD-UHFFFAOYSA-N,16
MNWNSXZHWSTXTC-UHFFFAOYSA-N,4
XNCOSPRUTUOJCJ-UHFFFAOYSA-N,8
GMPKIPWJBDOURN-UHFFFAOYSA-N,3
XKFPXMVATQCVKN-UHFFFAOYSA-N,2
DUYAAUVXQSMXQP-UHFFFAOYSA-N,15
LFJWPIDKKCVBFR-UHFFFAOYSA-N,1
XWXVKXXKKLBDDJ-UHFFFAOYSA-N,2
ORILYTVJVMAKLC-UHFFFAOYSA-N,26
OZVMEJXYSDZMDV-UHFFFAOYSA-N,1
ZSMRRZONCYIFNB-UHFFFAOYSA-N,13
VDFVNEFVBPFDSB-UHFFFAOYSA-N,6
HAWPXGHAZFHHAD-UHFFFAOYSA-N,3
HAMNKKUPIHEESI-UHFFFAOYSA-N,2
HXKRBGWOFYIRKX-UHFFFAOYSA-N,1
RWRDLPDLKQPQOW-UHFFFAOYSA-N,284
RDOWQLZANAYVLL-UHFFFAOYSA-O,3
BFHGFZIDLRXFJE-UHFFFAOYSA-N,3
RMGHERXMTMUMMV-UHFFFAOYSA-N,18
NBGYLHIDCLVBHE-UHFFFAOYSA-N,2
ZFRUGZMCGCYBRC-UHFFFAOYSA-N,1
VKYKSIONXSXAKP-UHFFFAOYSA-N,1
XBYRMPXUBGMOJC-UHFFFAOYSA-N,18
QRCGFTXRXYMJOS-UHFFFAOYSA-N,6
WODIALSWFWKWMM-UHFFFAOYSA-N,1
LVGUZGTVOIAKKC-UHFFFAOYSA-N,3
BOTYRLOGQKSOAE-UHFFFAOYSA-N,30
IEQIEDJGQAUEQZ-UHFFFAOYSA-N,1
CLXIETNYRISNLL-UHFFFAOYSA-N,1
XXTXAFASROUSBD-UHFFFAOYSA-N,9
KKZBNOAVUBNZND-UHFFFAOYSA-N,7
IZXIZTKNFFYFOF-UHFFFAOYSA-N,40
GTCAXTIRRLKXRU-UHFFFAOYSA-N,63
UTCSSFWDNNEEBH-UHFFFAOYSA-N,15
DGGKXQQCVPAUEA-UHFFFAOYSA-O,17
BDHFUVZGWQCTTF-UHFFFAOYSA-M,8
WTKZEGDFNFYCGP-UHFFFAOYSA-N,154
SCVCXWHEHAKJCG-UHFFFAOYSA-N,1
GHDPOJZBSAMLHV-UHFFFAOYSA-N,1
UMRZSTCPUPJPOJ-UHFFFAOYSA-N,15
SSPYSWLZOPCOLO-UHFFFAOYSA-N,8
RHQDFWAXVIIEBN-UHFFFAOYSA-N,14
LISFMEBWQUVKPJ-UHFFFAOYSA-N,18
XHFGWHUWQXTGAT-UHFFFAOYSA-N,24
PGNGGLOBLJJGBY-UHFFFAOYSA-N,1
VZXXFDADNMRZQU-UHFFFAOYSA-N,27
CBDKQYKMCICBOF-UHFFFAOYSA-N,7
IANQTJSKSUMEQM-UHFFFAOYSA-N,48
KQJVDEBWHJRJBT-UHFFFAOYSA-N,4
OZPCWWUKRLUQSS-UHFFFAOYSA-N,2
RMQOXNXLVICLNK-UHFFFAOYSA-N,3
OHLUUHNLEMFGTQ-UHFFFAOYSA-N,49
MMIZUUJBTRUHNH-UHFFFAOYSA-N,1
UJPMYEOUBPIPHQ-UHFFFAOYSA-N,30
AAUBAPMXIKRIIH-UHFFFAOYSA-N,2
QBCCGEPNFFWJOU-UHFFFAOYSA-N,6
SKKXZAXLYWERGC-UHFFFAOYSA-N,1
CAAMSDWKXXPUJR-UHFFFAOYSA-N,3
WXLJJIHGDBUBJM-UHFFFAOYSA-N,59
QWTDNUCVQCZILF-UHFFFAOYSA-N,48
UOCLXMDMGBRAIB-UHFFFAOYSA-N,6
LENZDBCJOHFCAS-UHFFFAOYSA-N,1
DAZXVJBJRMWXJP-UHFFFAOYSA-N,55
VNUDPFLTWOKTKQ-UHFFFAOYSA-N,4
BHBYJTMRIIPHGT-UHFFFAOYSA-N,2
IJDNQMDRQITEOD-UHFFFAOYSA-N,86
UEMGWPRHOOEKTA-UHFFFAOYSA-N,70
WEVYAHXRMPXWCK-UHFFFAOYSA-N,12
KXALCBULAZGRHX-UHFFFAOYSA-N,1
GPMMYQITJVUZAT-UHFFFAOYSA-N,2
KXKVLQRXCPHEJC-UHFFFAOYSA-N,30
DNJIEGIFACGWOD-UHFFFAOYSA-N,48
DKVNPHBNOWQYFE-UHFFFAOYSA-N,4
KNCYXPMJDCCGSJ-UHFFFAOYSA-N,19
XEBPBJPZBUSUEO-UHFFFAOYSA-N,4
GELVZYOEQVJIRR-UHFFFAOYSA-N,3
NKLOLMQJDLMZRE-UHFFFAOYSA-N,4
DKDFMTVHTBXYIJ-UHFFFAOYSA-N,1
SDGFVZOJIUMCEX-UHFFFAOYSA-N,1
HNJBEVLQSNELDL-UHFFFAOYSA-N,55
ZMANZCXQSJIPKH-UHFFFAOYSA-N,27
GOLXQLMHTCVMKG-UHFFFAOYSA-N,1
AICIYIDUYNFPRY-UHFFFAOYSA-N,4
NCCPPLQKOSIGFQ-UHFFFAOYSA-N,1
KENKHSIXNFRBGX-UHFFFAOYSA-N,2
YBRBMKDOPFTVDT-UHFFFAOYSA-N,85
OCJBOOLMMGQPQU-UHFFFAOYSA-N,6
NSXXTVMAZMBOSO-UHFFFAOYSA-N,1
GTRDOUXISKJZGL-UHFFFAOYSA-N,2
KAESVJOAVNADME-UHFFFAOYSA-N,51
PBMFSQRYOILNGV-UHFFFAOYSA-N,34
TWDNYFYTBGBZSM-UHFFFAOYSA-N,4
CVQUWLDCFXOXEN-UHFFFAOYSA-N,2
GVONPBONFIJAHJ-UHFFFAOYSA-N,6
KPWDGTGXUYRARH-UHFFFAOYSA-N,6
FKASFBLJDCHBNZ-UHFFFAOYSA-N,14
IOKNUPSMAZWAGW-SILLCRNTSA-N,3
IDBOAVAEGRJRIZ-UHFFFAOYSA-N,8
OKGRCXPNGVDSPF-UHFFFAOYSA-N,2
DBPKMSBWOKAKLA-UHFFFAOYSA-N,7
BGTOWKSIORTVQH-UHFFFAOYSA-N,27
CABSFELLEWZIAK-UHFFFAOYSA-N,1
HNYOPLTXPVRDBG-UHFFFAOYSA-N,38
BYXUIGWCEHSJKS-UHFFFAOYSA-N,3
NPNPZTNLOVBDOC-UHFFFAOYSA-N,6
ODFFPRGJZRXNHZ-UHFFFAOYSA-N,4
MNOPPWUITYVVJC-UHFFFAOYSA-N,1
IWELDVXSEVIIGI-UHFFFAOYSA-N,8
YTPLMLYBLZKORZ-UHFFFAOYSA-N,118
ORCQJRXQASSNAQ-UHFFFAOYSA-N,2
JYGFTBXVXVMTGB-UHFFFAOYSA-N,10
ZCQWOFVYLHDMMC-UHFFFAOYSA-N,33
QNGUPQRODVPRDC-UHFFFAOYSA-N,17
DBQYUWWOBWTUPV-UHFFFAOYSA-N,1
QEMXHQIAXOOASZ-UHFFFAOYSA-N,83
FRNSCKQEQUMMPH-UHFFFAOYSA-N,2
RNXNMGPFJLESKN-UHFFFAOYSA-N,2
FZENGILVLUJGJX-NSCUHMNNSA-N,8
DMKIFEWHWWMFCM-UHFFFAOYSA-N,1
XECWCWOFFBIAKZ-UHFFFAOYSA-N,1
ZSIQJIWKELUFRJ-UHFFFAOYSA-N,27
QTOOYVGXYKLUNG-UHFFFAOYSA-N,1
IOJUPLGTWVMSFF-UHFFFAOYSA-N,21
FZEVMBJWXHDLDB-UHFFFAOYSA-N,84
INBDPOJZYZJUDA-UHFFFAOYSA-N,2
QWENRTYMTSOGBR-UHFFFAOYSA-N,20
FLWHGQJRIYDGPK-UHFFFAOYSA-N,1
OUBYOHPZEVYQTG-UHFFFAOYSA-N,14
TVAGMFLSZWFEJN-UHFFFAOYSA-N,1
HGCIXCUEYOPUTN-UHFFFAOYSA-N,49
NPEYATQABYMBPM-UHFFFAOYSA-N,1
LIWAQLJGPBVORC-UHFFFAOYSA-N,37
WPKPCDWXJRHMRM-UHFFFAOYSA-N,2
LPIQUOYDBNQMRZ-UHFFFAOYSA-N,9
FRASJONUBLZVQX-UHFFFAOYSA-N,9
KYQCOXFCLRTKLS-UHFFFAOYSA-N,37
IMSODMZESSGVBE-UHFFFAOYSA-N,8
ABLZXFCXXLZCGV-UHFFFAOYSA-N,39
NOPRIQWDIMTGOH-UHFFFAOYSA-N,1
BLATYFRAXQFBHQ-UHFFFAOYSA-N,1
QARVLSVVCXYDNA-UHFFFAOYSA-N,54
QONGLMDHKNFCDX-UHFFFAOYSA-N,12
MBIZXFATKUQOOA-UHFFFAOYSA-N,24
ACFNYGLBKAZUDY-UHFFFAOYSA-N,1
IMWGDWUWTXCAOE-UHFFFAOYSA-N,2
FKGBPPMRZYEWPT-UHFFFAOYSA-N,2
RGSFGYAAUTVSQA-UHFFFAOYSA-N,126
LYCAIKOWRPUZTN-UHFFFAOYSA-N,66
CYJAWBVQRMVFEO-UHFFFAOYSA-N,5
WGYKZJWCGVVSQN-UHFFFAOYSA-N,34
PQNFLJBBNBOBRQ-UHFFFAOYSA-N,42
HSFWRNGVRCDJHI-UHFFFAOYSA-N,118
MFBJABOPSIQQJZ-UHFFFAOYSA-N,1
YPFDHNVEDLHUCE-UHFFFAOYSA-N,6
KPUSZZFAYGWAHZ-UHFFFAOYSA-N,3
NFJPEKRRHIYYES-UHFFFAOYSA-N,4
UNXRWKVEANCORM-UHFFFAOYSA-N,4
GELMWIVBBPAMIO-UHFFFAOYSA-N,6
KEIFWROAQVVDBN-UHFFFAOYSA-N,5
DMSSTTLDFWKBSX-UHFFFAOYSA-N,2
CTAPFRYPJLPFDF-UHFFFAOYSA-N,62
CAAULPUQFIIOTL-UHFFFAOYSA-M,11
OCQJTPQMEAFHJU-UHFFFAOYSA-N,1
RWSOTUBLDIXVET-UHFFFAOYSA-N,65
DYENXVJTSGQOPR-UHFFFAOYSA-N,29
LPAGFVYQRIESJQ-UHFFFAOYSA-N,7
WRMIJRQJYVDWRZ-UHFFFAOYSA-N,6
KDGKTJGPFXIBEB-UHFFFAOYSA-N,45
ASLMYIKRGSJWEL-UHFFFAOYSA-N,5
XAIUACHCJPWUEF-UHFFFAOYSA-N,2
PYFSCIWXNSXGNS-UHFFFAOYSA-N,1
DKGAVHZHDRPRBM-UHFFFAOYSA-N,25
UJEGBESUCWOWNQ-UHFFFAOYSA-N,1
XOBKSJJDNFUZPF-UHFFFAOYSA-N,53
JKJIYCKJURHVEF-UHFFFAOYSA-N,1
KGBXLFKZBHKPEV-UHFFFAOYSA-N,1
BMRWNKZVCUKKSR-UHFFFAOYSA-N,2
PTMHPRAIXMAOOB-UHFFFAOYSA-N,3
CHZYGKVYZQVUNR-UHFFFAOYSA-N,4
CPJOPFBXUHIQQL-UHFFFAOYSA-N,1
LPKIGDXRQSIQBA-UHFFFAOYSA-N,7
WSHJJCPTKWSMRR-UHFFFAOYSA-N,67
BLECGKNQPHHCBY-UHFFFAOYSA-N,3
SONIRSDTVRSMFH-UHFFFAOYSA-N,2
KNWQLFOXPQZGPX-UHFFFAOYSA-N,1
KQBWUPMFKBDNJJ-UHFFFAOYSA-N,37
MNFORVFSTILPAW-UHFFFAOYSA-N,8
ZRYXFTYZSNHVDQ-UHFFFAOYSA-N,2
HZAXFHJVJLSVMW-UHFFFAOYSA-N,20
JZYWUFRPYOIFMF-UHFFFAOYSA-N,1
ONJNDHINSQXUBO-UHFFFAOYSA-N,1
YOMFVLRTMZWACQ-UHFFFAOYSA-N,13
BDAGIHXWWSANSR-UHFFFAOYSA-M,48
LADHHNUVWRWPRH-UHFFFAOYSA-N,1
YRACHDVMKITFAZ-UHFFFAOYSA-N,6
WPWNEKFMGCWNPR-UHFFFAOYSA-N,3
VPBZAQSRLLWRSX-UHFFFAOYSA-N,1
DMICIZVPSKKBDO-UHFFFAOYSA-N,2
NQRYJNQNLNOLGT-UHFFFAOYSA-O,21
IKFOZUZDTKYGNW-UHFFFAOYSA-O,1
OURDZMSSMGUMKR-UHFFFAOYSA-N,1
YQDGQEKUTLYWJU-UHFFFAOYSA-N,3
CYEBJEDOHLIWNP-UHFFFAOYSA-N,12
HCPYKQZQOZGIDS-UHFFFAOYSA-N,2
CHFSMDACATVRBM-UHFFFAOYSA-N,14
BKOOMYPCSUNDGP-UHFFFAOYSA-N,22
NSLKFRGZLUIUKO-UHFFFAOYSA-N,15
DEVHXDJLQMAWLM-UHFFFAOYSA-N,2
VZWXIQHBIQLMPN-UHFFFAOYSA-N,40
VBXZSFNZVNDOPB-UHFFFAOYSA-N,7
YZBQHRLRFGPBSL-UHFFFAOYSA-N,13
KTQJQGRXDSELST-UHFFFAOYSA-N,1
LGZNWWUSMJZYTQ-UHFFFAOYSA-N,1
SUVIGLJNEAMWEG-UHFFFAOYSA-N,3
BKMMTJMQCTUHRP-UHFFFAOYSA-N,6
KAYBCSMDOPBAQJ-UHFFFAOYSA-N,3
JQSHBVHOMNKWFT-UHFFFAOYSA-N,1
QRUDEWIWKLJBPS-UHFFFAOYSA-N,8
HHVIBTZHLRERCL-UHFFFAOYSA-N,3
KVBKGCBYQSQQHZ-UHFFFAOYSA-N,2
YHIIJNLSGULWAA-UHFFFAOYSA-N,1
HGWUUOXXAIISDB-UHFFFAOYSA-N,10
LTIAEPYUMKCFJZ-UHFFFAOYSA-N,1
JIHQDMXYYFUGFV-UHFFFAOYSA-N,20
LFJRGYNYRORDDM-UHFFFAOYSA-N,9
GJEILVUIMNTTNZ-UHFFFAOYSA-N,2
WNZQDUSMALZDQF-UHFFFAOYSA-N,14
QQQCGYCZORNOOS-UHFFFAOYSA-N,2
RWRDLPDLKQPQOW-UHFFFAOYSA-O,22
XTFNPAOKUNVXBS-UHFFFAOYSA-N,2
MXIRBQGJHHAAIX-UHFFFAOYSA-N,1
XZBIXDPGRMLSTC-UHFFFAOYSA-N,16
AFVFQIVMOAPDHO-UHFFFAOYSA-N,16
AZQWKYJCGOJGHM-UHFFFAOYSA-N,17
NOWKCMXCCJGMRR-UHFFFAOYSA-N,18
IQYPSFAWXDKDBA-UHFFFAOYSA-N,3
DXVWMLQMDGMWEQ-UHFFFAOYSA-N,2
WEQPBCSPRXFQQS-UHFFFAOYSA-N,11
FXHOOIRPVKKKFG-UHFFFAOYSA-N,5
PVRSARSQFQPZKC-UHFFFAOYSA-N,1
UJSXYTYECPHAME-UHFFFAOYSA-N,2
UYVFEZBIQHCLBF-UHFFFAOYSA-N,2
DIKBFYAXUHHXCS-UHFFFAOYSA-N,1
FFMBYMANYCDCMK-UHFFFAOYSA-N,1
PPRGXYWEHFENBY-UHFFFAOYSA-N,1
NYJWYCAHJRGKMI-UHFFFAOYSA-N,9
PQJUJGAVDBINPI-UHFFFAOYSA-N,3
UDLAUVFRZXIQJS-UHFFFAOYSA-N,13
QCCKSFHMARIKSK-UHFFFAOYSA-N,2
ACPOUJIDANTYHO-UHFFFAOYSA-N,3
IJAPPYDYQCXOEF-UHFFFAOYSA-N,8
BZJVWBKTDIAYDS-UHFFFAOYSA-N,1
OVCHPQXUNFWDGO-UHFFFAOYSA-N,1
LMDMCVGEQWYPPG-UHFFFAOYSA-N,9
SZIFAVKTNFCBPC-UHFFFAOYSA-N,3
VTOQFOCYBTVOJZ-UHFFFAOYSA-N,2
AZKQRGICIZPMSM-UHFFFAOYSA-N,1
WJJSZTJGFCFNKI-UHFFFAOYSA-N,6
WUMYBFXWUJTWTB-UHFFFAOYSA-N,18
QILPIRZABUUCOL-UHFFFAOYSA-N,2
RZVHIXYEVGDQDX-UHFFFAOYSA-N,5
ROLUZZGZDDQPFK-SDXDJHTJSA-N,1
YSHVGIKWUJCBLY-UHFFFAOYSA-N,2
GAMYYCRTACQSBR-UHFFFAOYSA-N,9
HQQVXVKQOPZRBJ-UHFFFAOYSA-N,1
QUKGLNCXGVWCJX-UHFFFAOYSA-N,1
IONSZLINWCGRRI-UHFFFAOYSA-N,9
HBHMNRNYKLADAJ-UHFFFAOYSA-N,1
HPABFFGQPLJKBP-UHFFFAOYSA-N,8
BHRZNVHARXXAHW-UHFFFAOYSA-N,21
BJJRXQKRTYZXDU-UHFFFAOYSA-N,5
XOHDYBSXKQFZGS-UHFFFAOYSA-O,1
PPWPGLRSBFYLEF-UHFFFAOYSA-N,1
DMEGYFMYUHOHGS-UHFFFAOYSA-N,5
LZENMJMJWQSSNJ-UHFFFAOYSA-N,2
BLQDAFLFPNDCMJ-UHFFFAOYSA-N,6
XSTXAVWGXDQKEL-UHFFFAOYSA-N,2
YMWUJEATGCHHMB-UHFFFAOYSA-N,2
BGPQXCKFEAZNNZ-UHFFFAOYSA-N,19
BWGNESOTFCXPMA-UHFFFAOYSA-N,22
KYNSBQPICQTCGU-UHFFFAOYSA-N,7
GYCPLYCTMDTEPU-UHFFFAOYSA-N,6
LPAMQJCJSQGMHG-UHFFFAOYSA-N,1
XYBSZCUHOLWQQU-UHFFFAOYSA-N,1
VPPCQVCZKDIGGG-UHFFFAOYSA-N,5
XSCHRSMBECNVNS-UHFFFAOYSA-N,5
NQUIRWXTTAMWIU-UHFFFAOYSA-N,5
GOYDNIKZWGIXJT-UHFFFAOYSA-N,20
NFKBHXMDXIRTFE-UHFFFAOYSA-N,38
ZXLNOQLIBVACTD-UHFFFAOYSA-N,3
QVBQDJJZEVHSRS-UHFFFAOYSA-N,2
MCGZEYHDJUYSHI-UHFFFAOYSA-N,7
GABNFOSTPFAECR-UHFFFAOYSA-N,1
NEHMKBQYUWJMIP-UHFFFAOYSA-N,7
YBYIZRPBXCCDQW-UHFFFAOYSA-N,2
AQPXMOUFLWFKFP-UHFFFAOYSA-N,4
DHCDFWKWKRSZHF-UHFFFAOYSA-N,1
FHEMVKOOLQGKFQ-UHFFFAOYSA-N,3
NEOIOGUWEUTYIH-UHFFFAOYSA-N,2
QPLDXFIKWZQMIV-UHFFFAOYSA-N,1
HPEKZFNIPJLIBV-UHFFFAOYSA-N,7
HNLLTKOLKKNOFV-UHFFFAOYSA-N,6
XJHABGPPCLHLLV-UHFFFAOYSA-N,7
YXYTZUKBZGOKCF-UHFFFAOYSA-N,2
IBWYHNOFSKJKKY-UHFFFAOYSA-N,3
KYBURKVYWGXDRK-UHFFFAOYSA-N,2
QEWYKACRFQMRMB-UHFFFAOYSA-N,1
IQOVZLWMBHDDBA-UHFFFAOYSA-N,2
YRHRIQCWCFGUEQ-UHFFFAOYSA-N,3
LJPZHJUSICYOIX-UHFFFAOYSA-N,1
HNKVKCXFGDFVBA-UHFFFAOYSA-N,2
DQUCRGAOGUQHJQ-UHFFFAOYSA-N,1
JSRLURSZEMLAFO-UHFFFAOYSA-N,22
JHIVVAPYMSGYDF-UHFFFAOYSA-N,8
PJQCANLCUDUPRF-UHFFFAOYSA-N,7
GBGFUQOSVTZLFA-UHFFFAOYSA-N,33
AVRPFRMDMNDIDH-UHFFFAOYSA-N,6
MJIWQHRXSLOUJN-UHFFFAOYSA-N,1
XFOHBSLKSOSFBE-UHFFFAOYSA-N,23
CAAULPUQFIIOTL-UHFFFAOYSA-N,29
IBWNUWSYEJOUAH-UHFFFAOYSA-N,1
QMNUDYFKZYBWQX-UHFFFAOYSA-N,16
YWDUZLFWHVQCHY-UHFFFAOYSA-N,3
IVHDFXFZUBCPCQ-UHFFFAOYSA-N,2
IIACRCGMVDHOTQ-UHFFFAOYSA-N,4
KEIVLHIFSZBKGU-UHFFFAOYSA-N,76
GPHNUFCJOBYDNQ-UHFFFAOYSA-N,2
NKJIONSDJWXJPL-UHFFFAOYSA-N,2
RIYITFZDKHVMRQ-UHFFFAOYSA-N,2
BCMCBBGGLRIHSE-UHFFFAOYSA-N,12
GVLRTOYGRNLSDW-UHFFFAOYSA-N,9
SBYHFKPVCBCYGV-UHFFFAOYSA-N,42
RYCQVMPEIVZMII-UHFFFAOYSA-N,1
ZADPBFCGQRWHPN-UHFFFAOYSA-N,7
CFTOTSJVQRFXOF-UHFFFAOYSA-N,2
ZQDXEVWNBNDLPI-UHFFFAOYSA-N,1
BPPMRCNUQCVVFJ-UHFFFAOYSA-N,1
OFBQJSOFQDEBGM-UHFFFAOYSA-N,10
LVRCEUVOXCJYSV-UHFFFAOYSA-N,15
WZDXDZXCHWMJLJ-UHFFFAOYSA-N,1
QPJORFLSOJAUNL-UHFFFAOYSA-N,3
GZSTVBDVFCCSAS-UHFFFAOYSA-N,1
CPXIITGGFGEJPB-UHFFFAOYSA-N,1
CIBQTAHLHLHRGX-UHFFFAOYSA-N,1
SCGKXGOKBWOELA-UHFFFAOYSA-N,1
TVNIWLZLXRXNAJ-UHFFFAOYSA-N,1
OGOWMVYFFWEWQT-UHFFFAOYSA-N,1
DRCJGCOYHLTVNR-UHFFFAOYSA-N,1
RKOGJKGQMPZCGG-UHFFFAOYSA-N,1
UVRJYVZLBHBAFL-UHFFFAOYSA-N,2
XTXXOHPHLNROBN-UHFFFAOYSA-N,1
LVWMIVRLEIPRIJ-UHFFFAOYSA-N,1
SZFUWUOHDRMCKD-UHFFFAOYSA-N,2
PWTXAEYNCISTMB-UHFFFAOYSA-N,1
RWLBSUQMKTYRRA-UHFFFAOYSA-N,1
MOIBQWPNKZWXCY-UHFFFAOYSA-N,4
LTOOVISGEYEBFR-UHFFFAOYSA-N,1
HZWQUQZFYLDNPC-UHFFFAOYSA-N,4
GXHZMCMYZMUTJP-UHFFFAOYSA-N,4
MTYBGKYUEOGBFU-UHFFFAOYSA-N,1
TZOYXRMEFDYWDQ-UHFFFAOYSA-N,8
CEHWFYNZOOONJZ-UHFFFAOYSA-N,5
DLBULVAIDRTMHS-UHFFFAOYSA-N,1
WYQJULRRRVQZHO-UHFFFAOYSA-N,1
RDNZDMDLRIQQAX-UHFFFAOYSA-N,2
INQOMBQAUSQDDS-UHFFFAOYSA-N,8
DZRTZDURJKZGSP-UHFFFAOYSA-N,1
QIGIQLYKEULMQQ-UHFFFAOYSA-N,6
CONVAEXWACQJSA-UHFFFAOYSA-N,2
JDCHYTKXTYXICB-UHFFFAOYSA-N,1
ZMBFHDPUYLIMDX-UHFFFAOYSA-N,5
KCMCIQNPQUSQKQ-UHFFFAOYSA-N,1
DBADZXOFGHWOJY-UHFFFAOYSA-N,1
GAYUSNJJULWCQU-UHFFFAOYSA-N,1
YYDWYJJLVYDJLV-UHFFFAOYSA-N,2
HPNMFZURTQLUMO-UHFFFAOYSA-N,10
PXZQEOJJUGGUIB-UHFFFAOYSA-N,18
LHDVRWYUSUPRJB-UHFFFAOYSA-N,4
HNQIVZYLYMDVSB-UHFFFAOYSA-N,51
UWYZHKAOTLEWKK-UHFFFAOYSA-N,35
KEHGMUWGOHVHJL-UHFFFAOYSA-N,2
FVYMIIXEOZUDRL-UHFFFAOYSA-N,2
LJVNRPAERZRHDF-UHFFFAOYSA-N,1
YNGDWRXWKFWCJY-UHFFFAOYSA-N,43
VXPWVASGBISFOW-UHFFFAOYSA-N,1
NYXHSRNBKJIQQG-UHFFFAOYSA-N,7
JUINSXZKUKVTMD-UHFFFAOYSA-N,8
ZCRIHLZMZJMNKU-UHFFFAOYSA-N,1
ZWYUGDUPLSGYSK-UHFFFAOYSA-N,1
XNWFRZJHXBZDAG-UHFFFAOYSA-N,1
BUDQDWGNQVEFAC-UHFFFAOYSA-N,7
VIHAEDVKXSOUAT-UHFFFAOYSA-N,27
GTLACDSXYULKMZ-UHFFFAOYSA-N,8
JHLDJOBIUVJSTG-UHFFFAOYSA-N,5
UFEJKYYYVXYMMS-UHFFFAOYSA-N,21
DWZZSIPYQQFGLL-UHFFFAOYSA-N,1
WOYJMGNKTLAUDJ-UHFFFAOYSA-N,1
ZJHQDSMOYNLVLX-UHFFFAOYSA-N,20
OYMCMWPHMPODNK-UHFFFAOYSA-N,1
ZXEKIIBDNHEJCQ-UHFFFAOYSA-N,21
UBRYVVDAYNKOOR-UHFFFAOYSA-N,1
UELHWVKBVJWUPY-UHFFFAOYSA-N,2
VUEGRGTYEAPQFU-UHFFFAOYSA-N,11
GUOHRXPYGSKUGT-UHFFFAOYSA-N,1
UQENVGBKYDWGGR-UHFFFAOYSA-N,10
SFPQFQUXAJOWNF-UHFFFAOYSA-N,24
KFLNNVFDKSNGBW-UHFFFAOYSA-N,3
MXIYRNSRKGMBLQ-UHFFFAOYSA-N,3
QUKPALAWEPMWOS-UHFFFAOYSA-N,8
XGJYZAAIQYBIKF-UHFFFAOYSA-O,1
CBKAHYBYIWZZPP-UHFFFAOYSA-N,12
CUQQXXHZLBBJGV-UHFFFAOYSA-N,4
DSPFZKMBSGHCNX-UHFFFAOYSA-N,1
JORVCRLRRRRLFI-UHFFFAOYSA-N,1
COWNFYYYZFRNOY-UHFFFAOYSA-N,6
KTZQTRPPVKQPFO-UHFFFAOYSA-N,6
KRHYYFGTRYWZRS-UHFFFAOYSA-N,1
QXNDZONIWRINJR-UHFFFAOYSA-N,5
DGJSPZSLNNDPQC-UHFFFAOYSA-N,2
DYEQHQNRKZJUCT-UHFFFAOYSA-N,22
UOTNDMDASDMEAG-UHFFFAOYSA-N,23
CIRNDJMEVJYOAW-UHFFFAOYSA-N,3
UDGKZGLPXCRRAM-UHFFFAOYSA-N,6
ABEHOLUCQFKFQN-UHFFFAOYSA-N,14
AWJUIBRHMBBTKR-UHFFFAOYSA-N,22
RHGUXDUPXYFCTE-UHFFFAOYSA-N,23
WFYDTEDUNIVDKQ-UHFFFAOYSA-N,6
IGXUUWYVUGBMFT-UHFFFAOYSA-N,4
GSFNQBFZFXUTBN-UHFFFAOYSA-N,14
WQJXXXRTGUNCRO-UHFFFAOYSA-N,1
CPNGPNLZQNNVQM-UHFFFAOYSA-N,8
XKJCHHZQLQNZHY-UHFFFAOYSA-N,10
FYDYYNBALSEMHM-UHFFFAOYSA-N,1
KSPDSMOWMQFPBL-UHFFFAOYSA-N,16
XUWHAWMETYGRKB-UHFFFAOYSA-N,7
YAMHXTCMCPHKLN-UHFFFAOYSA-N,25
OLQRHSLGLFTZJT-UHFFFAOYSA-N,1
PGTKVMVZBBZCKQ-UHFFFAOYSA-N,1
UHCBBWUQDAVSMS-UHFFFAOYSA-N,10
HCUKYIRGHQRKMX-GORDUTHDSA-N,2
ARFYZKAYDRJATN-UHFFFAOYSA-N,1
BUSBFZWLPXDYIC-UHFFFAOYSA-N,2
RNFNDJAIBTYOQL-UHFFFAOYSA-N,11
KFZGLJSYQXZIGP-UHFFFAOYSA-N,13
OHIQYUVMAUNEHK-UHFFFAOYSA-N,1
FYADHXFMURLYQI-UHFFFAOYSA-N,4
TWINFZIHMCHXFO-UHFFFAOYSA-N,1
BFRVNBMAWXNICS-UHFFFAOYSA-N,2
WBNLAHSOVLAWCE-UHFFFAOYSA-N,2
KFGROPZLGDSAPK-UHFFFAOYSA-N,3
OWDYXIFFWAQPLT-UHFFFAOYSA-N,1
KXWLFPPSOCSXPZ-UHFFFAOYSA-O,1
JTTFXYHJDZZDQK-UHFFFAOYSA-N,1
WCPAKWJPBJAGKN-UHFFFAOYSA-O,5
XSQUKJJJFZCRTK-UHFFFAOYSA-M,1
UEPDSFGZZGGLJL-UHFFFAOYSA-N,1
RAABOESOVLLHRU-UHFFFAOYSA-N,24
IOIJJQSXDIZBEO-UHFFFAOYSA-N,1
GLIOLXBMRPZIAK-UHFFFAOYSA-N,2
IMLSAISZLJGWPP-UHFFFAOYSA-N,1
DGDIRGGHORWHJM-UHFFFAOYSA-N,1
SILNNFMWIMZVEQ-UHFFFAOYSA-N,13
FEMWXGBGVVJDFO-UHFFFAOYSA-N,1
SEVAVHLBWZGROT-UHFFFAOYSA-N,1
NBYBDUJAMJBRFJ-UHFFFAOYSA-N,3
LTJCKJVQPRZVDG-UHFFFAOYSA-N,1
YPXAASDZAZBHMG-UHFFFAOYSA-N,2
AXMNGEUJXLXFRY-UHFFFAOYSA-N,2
XSGHLZBESSREDT-UHFFFAOYSA-N,1
YOGBMCNYVFIMJS-UHFFFAOYSA-N,1
VOWHONRMOCHCGC-UHFFFAOYSA-N,4
FBLXIYRHQIOFAB-UHFFFAOYSA-N,1
CKSMIWHSMYUERK-UHFFFAOYSA-N,1
CWQMXSKOUCOTBL-UHFFFAOYSA-N,1
SUBDEKBXSIKCSA-UHFFFAOYSA-N,2
AOUMJJDSXGXCNP-UHFFFAOYSA-N,5
GIIMNWTYRGWBNQ-UHFFFAOYSA-N,1
ZGYZCSRPTRJWLK-UHFFFAOYSA-N,5
BTANRVKWQNVYAZ-UHFFFAOYSA-N,15
ZFSLODLOARCGLH-UHFFFAOYSA-N,3
MFLLMKMFWIUACU-UHFFFAOYSA-N,3
ZUVKZCTUVRLOAQ-UHFFFAOYSA-N,1
MHFFMYZSCIPGBD-UHFFFAOYSA-N,1
FQUYSHZXSKYCSY-UHFFFAOYSA-N,12
YLVVAWCDANPADI-UHFFFAOYSA-N,2
QJVAEILJIXFTSW-UHFFFAOYSA-N,1
FMMWHPNWAFZXNH-UHFFFAOYSA-N,1
CVOGMKGEVNGRSK-OWOJBTEDSA-N,1
WTKZEGDFNFYCGP-UHFFFAOYSA-O,2
MGFYSGNNHQQTJW-UHFFFAOYSA-N,3
LYINKTVZUSKQEQ-UHFFFAOYSA-N,2
HXIRTSKHPFRRKO-UHFFFAOYSA-N,2
GPMKWOQBGSFVKJ-UHFFFAOYSA-N,1
PZOUSPYUWWUPPK-UHFFFAOYSA-N,1
AWIJRPNMLHPLNC-UHFFFAOYSA-N,17
PADKABGFZICUSR-UHFFFAOYSA-N,1
VCRBUNKKBKVWQY-UHFFFAOYSA-N,1
OOYREISBUILOLV-UHFFFAOYSA-N,1
UMGDCJDMYOKAJW-UHFFFAOYSA-N,12
AZRKGEOPFCFNMW-UHFFFAOYSA-N,31
SRTMGQXUCMILBQ-UHFFFAOYSA-N,5
FQODCEGFPWHSGX-UHFFFAOYSA-N,1
PTPQJKANBKHDPM-UHFFFAOYSA-N,2
QBLLOOKBLTTXHB-UHFFFAOYSA-N,1
ZCJAYDKWZAWMPR-UHFFFAOYSA-N,22
ASSKVPFEZFQQNQ-UHFFFAOYSA-N,7
ZNGWEEUXTBNKFR-UHFFFAOYSA-N,1
ODSNARDHJFFSRH-UHFFFAOYSA-N,3
RNSBBQANTFOYHX-UHFFFAOYSA-N,1
NUKYPUAOHBNCPY-UHFFFAOYSA-N,2
YGJXLMNSTLJAMX-UHFFFAOYSA-N,2
AWSNHKYZCOWEBY-UHFFFAOYSA-N,2
RXCGHSGSFZAOFN-UHFFFAOYSA-N,1
CNRPRLWCUGZYJK-UHFFFAOYSA-N,2
BRVSNRACQLWLFE-UHFFFAOYSA-N,1
WZCZNEGTXVXAAS-UHFFFAOYSA-N,22
GYVWSEJMJPHQKM-UHFFFAOYSA-N,1
UWYZHKAOTLEWKK-UHFFFAOYSA-O,8
YLRBBYWLBNWYGZ-UHFFFAOYSA-N,1
NOVHYVKPKWACML-UHFFFAOYSA-N,1
CBTVGIZVANVGBH-UHFFFAOYSA-N,2
KOFXNMVSVWDBKN-UHFFFAOYSA-N,1
JKFAIQOWCVVSKC-UHFFFAOYSA-N,4
SCXINLTVNVQOLM-LUAWRHEFSA-N,1
GNALFLYRUXEWIE-UHFFFAOYSA-N,1
DDWBRNXDKNIQDY-UHFFFAOYSA-N,1
NSGXIBWMJZWTPY-UHFFFAOYSA-N,2
DCZQHOAVJDUAHC-UHFFFAOYSA-N,1
GSWAOPJLTADLTN-UHFFFAOYSA-N,2
DKKWHIZUXSVRRX-UHFFFAOYSA-N,11
CHJJGSNFBQVOTG-UHFFFAOYSA-N,17
SNHMUERNLJLMHN-UHFFFAOYSA-N,30
XZWYZXLIPXDOLR-UHFFFAOYSA-N,1
VQTUBCCKSQIDNK-UHFFFAOYSA-N,37
ZAYUOSICZWFJSW-UHFFFAOYSA-N,1
WDHAAJIGSXNPFO-UHFFFAOYSA-N,11
YGQNFDNQDVKVAW-UHFFFAOYSA-N,5
RAOIDOHSFRTOEL-UHFFFAOYSA-N,3
CKFGINPQOCXMAZ-UHFFFAOYSA-N,5
PWUFZDFHINBNCE-UHFFFAOYSA-N,1
AHHWIHXENZJRFG-UHFFFAOYSA-N,7
ONHPOXROAPYCGT-UHFFFAOYSA-N,1
KFOAQYYCEAGMEF-UHFFFAOYSA-N,1
LRMLWYXJORUTBG-UHFFFAOYSA-N,1
AFCCBXQILNKDMT-UHFFFAOYSA-N,1
JXTHNDFMNIQAHM-UHFFFAOYSA-N,2
KUAZQDVKQLNFPE-UHFFFAOYSA-N,1
NBVXSUQYWXRMNV-UHFFFAOYSA-N,3
JTHRRMFZHSDGNJ-UHFFFAOYSA-N,4
YJUFGFXVASPYFQ-UHFFFAOYSA-N,1
RVBUGGBMJDPOST-UHFFFAOYSA-N,5
NJBMZYSKLWQXLJ-UHFFFAOYSA-N,7
LWIGFLKJDMZKOQ-UHFFFAOYSA-N,1
UKNLXLMPULARTL-UHFFFAOYSA-N,1
QPRQEDXDYOZYLA-UHFFFAOYSA-N,2
NGKOCETVOBCCII-UHFFFAOYSA-N,5
CELKOWQJPVJKIL-UHFFFAOYSA-N,14
QARVWRMFQUBROP-UHFFFAOYSA-N,1
NKNXRXNEMUOABM-UHFFFAOYSA-N,1
ORCJWYKSNVSPRX-UHFFFAOYSA-N,1
ZQGJEUVBUVKZKS-UHFFFAOYSA-N,3
SAADTJYKKPDVJE-UHFFFAOYSA-N,1
QLOWGDIISXJREF-UHFFFAOYSA-N,3
KDAVTDIQCUOJNV-UHFFFAOYSA-N,6
KBDAAQFYSFKARW-UHFFFAOYSA-N,4
WACNXHCZHTVBJM-UHFFFAOYSA-N,4
HIGOCZJARKJCGG-UHFFFAOYSA-N,1
NRZWQKGABZFFKE-UHFFFAOYSA-N,7
ZVJHJDDKYZXRJI-UHFFFAOYSA-N,3
CVEPAQSCHYVZSW-UHFFFAOYSA-N,14
LCCBKCPIXZSBPD-UHFFFAOYSA-N,1
TZSDMELQUACXIN-UHFFFAOYSA-N,2
IMNIMPAHZVJRPE-UHFFFAOYSA-O,1
IAQRGUVFOMOMEM-ONEGZZNKSA-N,32
ZLHNYIHIHQEHJQ-UHFFFAOYSA-N,1
MPAYEWNVIPXRDP-UHFFFAOYSA-N,4
ZKSLBQITPNATCT-UHFFFAOYSA-N,1
VDBNYAPERZTOOF-UHFFFAOYSA-N,5
OPLIQIVJGNCDBM-UHFFFAOYSA-N,1
LDIJKUBTLZTFRG-UHFFFAOYSA-N,14
GGDYAKVUZMZKRV-UHFFFAOYSA-N,4
HOXWESKAHYABGO-UHFFFAOYSA-N,3
CKLSDAKHZVEZER-UHFFFAOYSA-N,1
UDATXMIGEVPXTR-UHFFFAOYSA-N,1
MSCSYDRXZXNRIJ-UHFFFAOYSA-N,1
QWGRWMMWNDWRQN-UHFFFAOYSA-N,4
HPOQPYOUJYHQND-UHFFFAOYSA-N,1
DBTWOTKWIVISQR-UHFFFAOYSA-N,1
NXJBRVUCYYPHHO-UHFFFAOYSA-N,1
DBYHAFCDKGEPJR-UHFFFAOYSA-N,1
LBUJPTNKIBCYBY-UHFFFAOYSA-N,7
NWQWQKUXRJYXFH-UHFFFAOYSA-N,1
HEBMCVBCEDMUOF-UHFFFAOYSA-N,2
JOQIJIMZTPMLCY-UHFFFAOYSA-N,1
HXKKHQJGJAFBHI-UHFFFAOYSA-N,5
BAXOFTOLAUCFNW-UHFFFAOYSA-N,41
FLSYKRFCICHDDG-UHFFFAOYSA-N,32
QDFKKJYEIFBEFC-UHFFFAOYSA-N,10
YEJRWHAVMIAJKC-UHFFFAOYSA-N,8
FHHSBYNOZRMMOD-UHFFFAOYSA-N,1
HBEDSQVIWPRPAY-UHFFFAOYSA-N,11
IDUUCDZKSKUCOP-UHFFFAOYSA-N,2
ZBILSSSEXRZGKS-UHFFFAOYSA-N,1
HONIICLYMWZJFZ-UHFFFAOYSA-N,33
HYFFNAVAMIJUIP-UHFFFAOYSA-N,1
QQWWGEGVUTXSPS-UHFFFAOYSA-N,6
ZLTPDFXIESTBQG-UHFFFAOYSA-N,5
DNGMYXZLJGHHOM-UHFFFAOYSA-N,1
HDZYDRVJVJYIDR-UHFFFAOYSA-N,1
COAOVOHNCKHWFV-UHFFFAOYSA-N,6
JKPKPKKGYWWLPP-UHFFFAOYSA-N,1
WMXCDAVJEZZYLT-UHFFFAOYSA-N,3
BJLUADRDXIGSBT-SILLCRNTSA-N,1
VAYTZRYEBVHVLE-UHFFFAOYSA-N,9
PWUQCCZZYCOCHJ-UHFFFAOYSA-N,1
JPBGLQJDCUZXEF-UHFFFAOYSA-N,1
VPKDCDLSJZCGKE-UHFFFAOYSA-N,1
DVUBDHRTVYLIPA-UHFFFAOYSA-N,3
XRZBJVBMYWGMOZ-UHFFFAOYSA-N,1
XKLPEOLDMNUMKK-UHFFFAOYSA-N,3
HCCNHYWZYYIOFM-UHFFFAOYSA-N,1
AEMKDBZKQORZOA-UHFFFAOYSA-N,1
SWEICGMKXPNXNU-UHFFFAOYSA-N,1
RWKROWDVHXUNOF-UHFFFAOYSA-N,2
WQFQNMRDPKVVCS-UHFFFAOYSA-N,4
MTAODLNXWYIKSO-UHFFFAOYSA-N,4
YNAVUWVOSKDBBP-UHFFFAOYSA-O,4
WYWKPNIAGOEYTD-UHFFFAOYSA-N,1
GPCDGGKVBPVZCT-UHFFFAOYSA-N,2
CJRNSAVENUDGNX-UHFFFAOYSA-N,18
QYHFIVBSNOWOCQ-UHFFFAOYSA-N,1
LJDGYGQIYYZHIT-UHFFFAOYSA-N,1
UKDZROJJLPDLDO-UHFFFAOYSA-N,4
WPUWNCWLDZMYSC-UHFFFAOYSA-N,1
GAAUBVOZGNZAPN-UHFFFAOYSA-N,1
GVSMQKKMAYLKMM-UHFFFAOYSA-N,2
HYVVJDQGXFXBRZ-UHFFFAOYSA-N,2
LGXVIGDEPROXKC-UHFFFAOYSA-N,6
GWVMLCQWXVFZCN-UHFFFAOYSA-N,5
IOVCWXUNBOPUCH-UHFFFAOYSA-N,3
ZTRMYNGSBGJIEO-UHFFFAOYSA-N,5
FQDXJYBXPOMIBX-UHFFFAOYSA-N,1
AEEBVPFVPFLZOH-UHFFFAOYSA-N,3
XYGKKJHGZOGVBL-UHFFFAOYSA-N,1
JOWMUPQBELRFRZ-UHFFFAOYSA-N,15
NVNRSBADTCCZLY-UITAMQMPSA-N,1
KMTRUDSVKNLOMY-UHFFFAOYSA-N,2
YHYNFMGKZFOMAG-UHFFFAOYSA-N,1
IYSYPCSSDZBWHN-UHFFFAOYSA-N,3
PWRBCZZQRRPXAB-UHFFFAOYSA-N,18
KQOCMRACUONAJY-UHFFFAOYSA-N,1
KPJTZBXDTYGLSA-UHFFFAOYSA-N,2
LBBWIBWOPGDMAJ-UHFFFAOYSA-N,1
CQBIFASRYMRWLF-UHFFFAOYSA-N,13
SJRRUSANHUTZMQ-UHFFFAOYSA-N,1
GHNLJDPNIAIWOQ-UHFFFAOYSA-N,7
VMLKTERJLVWEJJ-UHFFFAOYSA-N,1
KNIGKTXJYZSEQZ-UHFFFAOYSA-N,1
INSWZAQOISIYDT-UHFFFAOYSA-N,2
BBVIDBNAYOIXOE-UHFFFAOYSA-N,25
DZBUGLKDJFMEHC-UHFFFAOYSA-O,2
KFBQPTBKRRKKAS-UHFFFAOYSA-N,11
GFSCEOJPWDZRAK-UHFFFAOYSA-N,1
NQPJDJVGBDHCAD-UHFFFAOYSA-N,5
DNTVKOMHCDKATN-UHFFFAOYSA-N,11
SNMVRZFUUCLYTO-UHFFFAOYSA-N,3
RRRRTAMDDCXMFN-QPEQYQDCSA-N,1
SDXUIOOHCIQXRP-UHFFFAOYSA-N,2
SADUMQHHSOBWDV-UHFFFAOYSA-N,1
DWKUKQRKVCMOLP-UHFFFAOYSA-N,1
ZVBVDXHFRSBLJG-UHFFFAOYSA-N,1
YNJBWRMUSHSURL-UHFFFAOYSA-N,1
HJSRGOVAIOPERP-UHFFFAOYSA-N,4
WHTNHYRHHHFFBV-UHFFFAOYSA-N,2
GDTQDPUWRMARMC-UHFFFAOYSA-N,1
ZKRHXIOHTJEQLA-UHFFFAOYSA-N,1
KYFHBAUBKXBFKS-UHFFFAOYSA-N,1
YBUWZZKYXPWDGO-UHFFFAOYSA-N,2
WVHPHPITWBSYOA-UHFFFAOYSA-N,1
ZWGGJMFMHQHTFR-UHFFFAOYSA-N,1
PFRKGGQLYAMPST-UHFFFAOYSA-N,1
LNXIGJIEYHHSGC-UHFFFAOYSA-N,1
CWKHJADKQVHTAU-UHFFFAOYSA-N,1
NAGJZTKCGNOGPW-UHFFFAOYSA-N,3
RYHBNJHYFVUHQT-UHFFFAOYSA-N,3
FETFXNFGOYOOSP-UHFFFAOYSA-N,2
LICHZOBEUWVYSY-UHFFFAOYSA-N,2
BCDIWLCKOCHCIH-UHFFFAOYSA-N,3
BUKJLSAUIOIFEF-UHFFFAOYSA-N,2
WOLCADJLAFJALK-UHFFFAOYSA-N,3
YACKEPLHDIMKIO-UHFFFAOYSA-N,11
VSZGCLXGCOECAY-UHFFFAOYSA-N,2
HYGWNUKOUCZBND-UHFFFAOYSA-N,2
VRXGBEJDGWOGDB-UHFFFAOYSA-N,1
ADWGPAPLHUAYJD-UHFFFAOYSA-N,1
PTPNWPSSNHDCFX-UHFFFAOYSA-N,1
AVLAHOZJZQPNQQ-UHFFFAOYSA-N,1
XEQSOPGUJKNNRQ-UHFFFAOYSA-N,1
PMPVIKIVABFJJI-UHFFFAOYSA-N,28
JIQXKYSNGXUDJU-UHFFFAOYSA-N,2
OQLZINXFSUDMHM-UHFFFAOYSA-N,5
VHGCBDMLWAGBAP-UHFFFAOYSA-N,1
LZTSCEYDCZBRCJ-UHFFFAOYSA-N,12
UKACHOXRXFQJFN-UHFFFAOYSA-N,3
PZLNWHURFHXSTA-UHFFFAOYSA-N,1
SFYLHIMXJQGKGZ-DUXPYHPUSA-N,2
PQYCQLJNFLOESO-UHFFFAOYSA-N,1
WCPHVEVVKWNYAQ-UHFFFAOYSA-N,1
PEYYQHYMRUDUOH-UHFFFAOYSA-N,3
ZNDPLBHHUZZFNS-UHFFFAOYSA-N,1
APKHDKJWSHYLEU-UHFFFAOYSA-N,2
GLVAUDGFNGKCSF-UHFFFAOYSA-N,2
GIVSZYOESAXKLC-UHFFFAOYSA-N,1
FPIWJQQRYHEICX-UHFFFAOYSA-N,1
RAUMLQFVPZOZMP-UHFFFAOYSA-N,2
WHRZCXAVMTUTDD-UHFFFAOYSA-N,1
UYWAYTBDMJFIQT-UHFFFAOYSA-N,2
AZWUOQGYKXBBAH-UHFFFAOYSA-N,1
NOLHRFLIXVQPSZ-UHFFFAOYSA-N,1
TXFLGZOGNOOEFZ-UHFFFAOYSA-N,16
DIWKDXFZXXCDLF-UHFFFAOYSA-N,1
VFFQGPWQVYUFLV-UHFFFAOYSA-N,1
SNQZWUCFHZYROI-UHFFFAOYSA-N,5
JFNLZVQOOSMTJK-UHFFFAOYSA-N,7
BYOIMOJOKVUNTP-UHFFFAOYSA-N,2
CBXCPBUEXACCNR-UHFFFAOYSA-N,1
ZOHWLFDTOAVSMR-UHFFFAOYSA-N,1
QDSHLHKEJAJNKW-UHFFFAOYSA-N,1
GKJSZXGYFJBYRQ-UHFFFAOYSA-N,1
OZQGLZFAWYKKLQ-UHFFFAOYSA-N,1
TVISEJUYYBUVNV-UHFFFAOYSA-N,1
GILIYJDBJZWGBG-UHFFFAOYSA-N,5
RIVOBMOBWMOLDJ-UHFFFAOYSA-N,3
RKJUIXBNRJVNHR-UHFFFAOYSA-O,2
XVKFDCVTYBMNRZ-UHFFFAOYSA-N,2
UWWUXWWWOUNMKW-UHFFFAOYSA-N,5
FDVITFMRUUGIBF-UHFFFAOYSA-N,2
RDHPKYGYEGBMSE-UHFFFAOYSA-N,4
PRKTYWJFCODJOA-UHFFFAOYSA-N,1
BBNGVMNBBLPZIR-UHFFFAOYSA-N,2
XWWYZFUBBJHKSP-UHFFFAOYSA-N,1
CGYGETOMCSJHJU-UHFFFAOYSA-N,3
OKDGRDCXVWSXDC-UHFFFAOYSA-N,8
RBFQJDQYXXHULB-UHFFFAOYSA-N,1
PVOAPVDFUFGKNM-UHFFFAOYSA-N,3
MCKMMGGGSZJLHO-UHFFFAOYSA-N,4
PSASRUXPTZXSPT-UHFFFAOYSA-N,5
DEKLECNVDNJZLG-UHFFFAOYSA-N,1
UGUHFDPGDQDVGX-UHFFFAOYSA-N,1
ILZWGWOJNKERQN-UHFFFAOYSA-N,1
RSLMKNBFHDOMIN-UHFFFAOYSA-N,1
PJDJTXWCVQUXKZ-UHFFFAOYSA-N,1
VRBRURCNPUUZJW-UHFFFAOYSA-N,2
ZCSOJXHICDKYJO-UHFFFAOYSA-N,1
SDQJTWBNWQABLE-UHFFFAOYSA-N,10
POVXOWVFLAAVBH-UHFFFAOYSA-N,3
SJHLAXXCBQPTJV-UHFFFAOYSA-N,1
GCNTZFIIOFTKIY-UHFFFAOYSA-N,2
YPWFISCTZQNZAU-UHFFFAOYSA-N,4
ZXVZGGVDYOBILI-UHFFFAOYSA-N,2
MVVYPRYEJILXPT-UHFFFAOYSA-N,1
YAXGBZDYGZBRBQ-UHFFFAOYSA-N,1
NNSYMZMZQZPVOQ-UHFFFAOYSA-N,1
MQEGTGIQTALWAK-UHFFFAOYSA-N,2
SQSPRWMERUQXNE-UHFFFAOYSA-N,3
UPQQXPKAYZYUKO-UHFFFAOYSA-N,1
VYTOCZMQXCNIPD-UHFFFAOYSA-N,3
SNNLGDCYCOKWFN-UHFFFAOYSA-N,18
SEACXNRNJAXIBM-UHFFFAOYSA-N,5
OYEHFRMFJLFNSD-UHFFFAOYSA-N,2
DOQJUIHQJYFCEV-UHFFFAOYSA-N,3
ADKDJHASTPQGEO-UHFFFAOYSA-N,2
BJPJMTMWIVUMAK-UHFFFAOYSA-N,1
PSXLJUKMMIHADB-UHFFFAOYSA-N,1
IYGFIINCQJDWNJ-UHFFFAOYSA-N,1
FEBRHATXLQPYLJ-UHFFFAOYSA-N,1
RWRIWBAIICGTTQ-UHFFFAOYSA-N,8
RUEOBRARCKLXJO-UHFFFAOYSA-N,2
LCNMGPJLMIWAHR-UHFFFAOYSA-N,1
NPZPGTSNVCBMIM-UHFFFAOYSA-N,1
YWWDBCBWQNCYNR-UHFFFAOYSA-N,2
OATSQCXMYKYFQO-UHFFFAOYSA-N,1
SKTUJNJNYGJWAN-UHFFFAOYSA-N,1
WXGNWUVNYMJENI-UHFFFAOYSA-N,3
HMPSOEYFMTWOFC-UHFFFAOYSA-N,4
AYNNSCRYTDRFCP-UHFFFAOYSA-N,2
SSXXNMUAQWRAMF-UHFFFAOYSA-N,1
GPRMHDRJRXITMD-UHFFFAOYSA-N,1
SOZXKDHEWJXRKV-UHFFFAOYSA-N,1
RMFVVPBBEDMZQI-UHFFFAOYSA-N,5
XXEFINYIQPFYRB-UHFFFAOYSA-N,1
TZGBBMBARSFJBG-LCYFTJDESA-N,1
YRTHJMQKDCXPAY-UHFFFAOYSA-N,4
WIRQHBVLPBMJOI-UHFFFAOYSA-N,2
JRGGUPZKKTVKOV-UHFFFAOYSA-N,2
JJTNLWSCFYERCK-UHFFFAOYSA-N,20
OVMQJDRGKRWGAX-KTKRTIGZSA-N,1
HQVKYURXEWIFES-UHFFFAOYSA-N,1
XBRCCZCKPZJGEG-UHFFFAOYSA-N,3
DLXXDCOYQINPKG-UHFFFAOYSA-N,1
JNELGWHKGNBSMD-UHFFFAOYSA-N,5
FWFSEYBSWVRWGL-UHFFFAOYSA-N,2
UVMQMXNHWBBKTQ-UHFFFAOYSA-N,5
JEGJDEYDBAJLRX-UHFFFAOYSA-N,2
CXHHBNMLPJOKQD-UHFFFAOYSA-N,8
QGBSISYHAICWAH-UHFFFAOYSA-N,4
FVNIMHIOIXPIQT-UHFFFAOYSA-N,1
ZOUYMLXOFDNVRK-UHFFFAOYSA-N,1
RZFVLEJOHSLEFR-UHFFFAOYSA-N,1
NDXBXFJJXPKPGD-UHFFFAOYSA-N,1
UETWGHRVNJGMRH-UHFFFAOYSA-N,2
ICUWBDKDVXBCKE-UHFFFAOYSA-N,4
IEZDOKQWPWZVQF-UHFFFAOYSA-N,1
BEYPDGRLYMGRKT-UHFFFAOYSA-N,3
LVFHXTSDKGRPEJ-UHFFFAOYSA-N,5
TVCXVUHHCUYLGX-UHFFFAOYSA-N,5
POTIYWUALSJREP-UHFFFAOYSA-N,1
WZAIVXXKOAWTGQ-UHFFFAOYSA-N,1
RJGYJMFQWGPBGM-UHFFFAOYSA-N,2
LCGTWRLJTMHIQZ-UHFFFAOYSA-N,5
CYNYIHKIEHGYOZ-UHFFFAOYSA-N,1
NDTCXABJQNJPCF-UHFFFAOYSA-N,1
MEOJHRLKWUNOAO-UHFFFAOYSA-N,2
ZYASLTYCYTYKFC-UHFFFAOYSA-N,1
UGFAIRIUMAVXCW-UHFFFAOYSA-N,1
KJRCEJOSASVSRA-UHFFFAOYSA-N,6
ZSXLAJUILPSSLE-UHFFFAOYSA-N,1
WTYSCLHDMXBMKM-UHFFFAOYSA-N,1
XBBKXEIFGVVLNV-UHFFFAOYSA-N,1
KDWQLICBSFIDRM-UHFFFAOYSA-N,4
SDJPPXJZWJEAPT-UHFFFAOYSA-N,2
KWWUTZDWPNLNAG-UHFFFAOYSA-N,1
VFHZTMDFXALDLD-UHFFFAOYSA-N,2
MVXVYAKCVDQRLW-UHFFFAOYSA-N,9
RGVFHAWCOKTVTN-UHFFFAOYSA-N,1
XUCNUKMRBVNAPB-UHFFFAOYSA-N,3
LCRSZICZCJVBRF-FPLPWBNLSA-N,1
DXJKRLHHCGXHMB-UHFFFAOYSA-N,1
APYXDKYGQKKWDM-UHFFFAOYSA-N,1
KSEHRXUCGLUTMA-UHFFFAOYSA-O,2
RGXHPRMTEDPVJB-UHFFFAOYSA-N,1
ACZGCWSMSTYWDQ-UHFFFAOYSA-N,1
LFSXCDWNBUNEEM-UHFFFAOYSA-N,9
YUSHFLBKQQILNV-UHFFFAOYSA-N,2
GUJQNQGGDKXVBY-UHFFFAOYSA-N,1
KHJSJBORXLRDGW-UHFFFAOYSA-N,1
WRINNOJGJKBLPH-UHFFFAOYSA-N,1
HTIZLJISEUYGSA-UHFFFAOYSA-N,4
KPKNTUUIEVXMOH-UHFFFAOYSA-N,3
WTSXVIMLKCKWIW-UHFFFAOYSA-N,2
ILSVYQNRDXIWLK-UHFFFAOYSA-N,2
VZHJIJZEOCBKRA-UHFFFAOYSA-N,11
IXZJGKCEJOOXEM-UHFFFAOYSA-N,1
HRVRAYIYXRVAPR-UHFFFAOYSA-N,5
GJEKNELSXNSYAQ-UHFFFAOYSA-N,1
GFPCGDMSWGIZGA-UHFFFAOYSA-N,1
AOHJOMMDDJHIJH-UHFFFAOYSA-N,1
CWRVKFFCRWGWCS-UHFFFAOYSA-N,1
FTWZQYBELWYJGN-UHFFFAOYSA-N,2
QBQYIPPXQMTZQB-UHFFFAOYSA-N,3
HHFCAUSIBNOUOP-UHFFFAOYSA-N,1
DITLKQKHWHCNBT-UHFFFAOYSA-N,2
UVJHQYIOXKWHFD-UHFFFAOYSA-N,3
HXCHORPNRVSDCD-UHFFFAOYSA-N,2
PDELQDSYLBLPQO-UHFFFAOYSA-N,9
HOBCFUWDNJPFHB-UHFFFAOYSA-N,4
WLQFUSYDKWCPLJ-UHFFFAOYSA-N,1
LDFVPVSIAHMEDK-UHFFFAOYSA-N,1
NMNDDMHZYGZLMS-UHFFFAOYSA-N,1
ZFQWSCZYQLPFFZ-UHFFFAOYSA-N,1
ZJIUEDYXZUIMNV-UHFFFAOYSA-N,3
RAIPHJJURHTUIC-UHFFFAOYSA-N,2
JUPDIHMJFPDGMY-UHFFFAOYSA-N,12
FYTFCKSXUKINKK-UHFFFAOYSA-N,1
PGKNMJXTODOZNF-UHFFFAOYSA-N,4
ZKMZPXWMMSBLNO-UHFFFAOYSA-O,1
TZMSYXZUNZXBOL-UHFFFAOYSA-N,1
STXKJIIHKFGUCY-UHFFFAOYSA-N,1
ZHNUHDYFZUAESO-UHFFFAOYSA-M,3
YRPBJZVSDMZVKO-UHFFFAOYSA-N,3
QUBJDMPBDURTJT-UHFFFAOYSA-N,2
ZSIQJIWKELUFRJ-UHFFFAOYSA-O,1
FWQHNLCNFPYBCA-UHFFFAOYSA-N,3
QXALUNHYJJONQH-UHFFFAOYSA-N,3
ANCLJVISBRWUTR-UHFFFAOYSA-N,4
YGGGDFZANPBDRK-UHFFFAOYSA-N,1
MBVAHHOKMIRXLP-UHFFFAOYSA-N,2
QMHAHUAQAJVBIW-UHFFFAOYSA-N,3
LGYVGBHSVYXWHZ-UHFFFAOYSA-N,1
ONLRKTIYOMZEJM-UHFFFAOYSA-N,6
PMRGQSVILXQDQG-UHFFFAOYSA-N,1
PYISUZVWVMSVDE-UHFFFAOYSA-N,2
TXCDCPKCNAJMEE-UHFFFAOYSA-N,2
OFOCKNYGIKWUMA-UHFFFAOYSA-N,2
QNXSIUBBGPHDDE-UHFFFAOYSA-N,2
XJKNACDCUAFDHD-UHFFFAOYSA-N,2
VBSDAMAWZZSZMY-UHFFFAOYSA-N,1
RDINQIUKYJDQTD-UHFFFAOYSA-N,1
OGUWOLDNYOTRBO-UHFFFAOYSA-N,4
IGIULCSMTDEYCK-UHFFFAOYSA-N,1
UJOBWOGCFQCDNV-UHFFFAOYSA-N,4
GTFMIJNXNMDHAB-UHFFFAOYSA-N,3
ZHEPSYQTTGQKOY-UHFFFAOYSA-N,1
MJYYEAIHVAOOKM-UHFFFAOYSA-N,1
PBKONEOXTCPAFI-UHFFFAOYSA-N,9
YXYXPYZERPERJA-UHFFFAOYSA-N,1
BSWAKPMUPFLVGI-UHFFFAOYSA-N,1
SNMLKBMPULDPTA-UHFFFAOYSA-N,2
PEEHTFAAVSWFBL-UHFFFAOYSA-N,10
UKDWMOMUOSRZSU-UHFFFAOYSA-N,1
GPRLTFBKWDERLU-UHFFFAOYSA-N,5
UTCMYCAFVUUNBK-UHFFFAOYSA-N,1
HJCUTNIGJHJGCF-UHFFFAOYSA-N,3
RENHSHPXFUFEJI-UHFFFAOYSA-N,1
XTCTYGIKFSQTJE-UHFFFAOYSA-N,1
XHLHPRDBBAGVEG-UHFFFAOYSA-N,4
PXBRQCKWGAHEHS-UHFFFAOYSA-N,1
PDQAZBWRQCGBEV-UHFFFAOYSA-N,2
UAXVITIDFWLXON-UHFFFAOYSA-N,3
WPGHPGAUFIJVJF-UHFFFAOYSA-N,6
KIWUVOGUEXMXSV-UHFFFAOYSA-N,1
JAPMJSVZDUYFKL-UHFFFAOYSA-N,4
NNLBRYQGMOYARS-UHFFFAOYSA-N,1
VJGRLMALXXVDDV-UHFFFAOYSA-N,1
VCQXIGWGRIUWPJ-UHFFFAOYSA-N,1
KVRZARWOKBNZMM-UHFFFAOYSA-N,1
ROZSTGITRPPCGD-UHFFFAOYSA-N,1
HJNVHMUROWFCGX-UHFFFAOYSA-N,1
TYKJILJOXAHUFO-UHFFFAOYSA-N,3
CLXLPKZYZQKFGN-UHFFFAOYSA-N,1
ZEPFMUDJBSAEJR-UHFFFAOYSA-N,2
XSOUHEXVEOQRKJ-UHFFFAOYSA-N,1
IHCQWURUZRYCIU-UHFFFAOYSA-N,1
CUCJJMLDIUSNPU-UHFFFAOYSA-N,1
QBDAFARLDLCWAT-UHFFFAOYSA-N,5
ZRWBXZBFSGEEEW-UHFFFAOYSA-N,1
SCGILXXYXVPRAK-UHFFFAOYSA-N,1
IGKYJIFGXRIYEB-UHFFFAOYSA-N,1
WHMDPDGBKYUEMW-UHFFFAOYSA-N,1
CXVMPPJEUYYRJU-UHFFFAOYSA-N,2
MAUOZEMZZULUTF-UHFFFAOYSA-N,1
YOQDPPKCXWBVKE-UHFFFAOYSA-N,1
SHOMMGQAMRXRRK-UHFFFAOYSA-N,1
YCAYTKNFKBHFCE-UHFFFAOYSA-N,2
PTVIVZCOFJFLMO-UHFFFAOYSA-N,1
PAXRVGDTBDATMF-UHFFFAOYSA-N,1
VIQRCOQXIHFJND-UHFFFAOYSA-N,1
CPCMFADZMOYDSZ-UHFFFAOYSA-N,1
PQLRKLNTODQYQC-UHFFFAOYSA-O,1
VJIFTFSUNJHKAL-UHFFFAOYSA-N,1
OZJPLYNZGCXSJM-UHFFFAOYSA-N,8
GINHPDWLEHHRNI-UHFFFAOYSA-N,1
QBOASHOFQJDNOH-UHFFFAOYSA-N,1
YGTAZGSLCXNBQL-UHFFFAOYSA-N,11
ONCMJWSDNCJMLL-UHFFFAOYSA-N,1
LKDJYZBKCVSODK-UHFFFAOYSA-N,3
LWMOEYLAXCYMQZ-UHFFFAOYSA-N,4
SFRAVXBSPHJEBZ-UHFFFAOYSA-N,3
BLWLGMNKDFKUHA-UHFFFAOYSA-N,1
RMBLRPRCSHCTGV-UHFFFAOYSA-N,2
OBPIPKQQNRACHV-UHFFFAOYSA-N,2
LTBJYPJFZDDCOG-UHFFFAOYSA-N,1
VEZUQRBDRNJBJY-UHFFFAOYSA-N,1
VTNBGTYLJIUATL-UHFFFAOYSA-N,1
JKIPDXSZAZQRPN-UHFFFAOYSA-N,1
WCGGWVOVFQNRRS-UHFFFAOYSA-N,8
QNZJDYVERIAXAI-UHFFFAOYSA-N,1
CCTUFWBHAVKCCB-UHFFFAOYSA-N,1
ODISNADMPMVPEO-UHFFFAOYSA-N,1
YULMNMJFAZWLLN-UHFFFAOYSA-N,6
YJZLRDNSAFINGT-UHFFFAOYSA-N,1
UNOMGZZFCMNBCN-UHFFFAOYSA-N,1
SOHRBEWOMMNHIV-UHFFFAOYSA-N,3
KDSNLYIMUZNERS-UHFFFAOYSA-N,2
SQXPYTBNILWCBJ-UHFFFAOYSA-N,2
VPVSTMAPERLKKM-UHFFFAOYSA-N,1
GHOZMXZLEMRIAG-UHFFFAOYSA-N,1
DCEIUIOFGZVTKC-UHFFFAOYSA-N,1
HXXJUMQRVNQWSF-UHFFFAOYSA-N,1
HFBHPHBIBAUDNE-UHFFFAOYSA-N,2
GSXFPIJTRAHIKC-UHFFFAOYSA-N,7
UBOOKRVGOBKDMM-UHFFFAOYSA-N,9
USJALFVAJSYMSN-UHFFFAOYSA-N,1
ABJFBJGGLJVMAQ-UHFFFAOYSA-N,3
FZWLAAWBMGSTSO-UHFFFAOYSA-O,9
WGHKKEJHRMUKDK-UHFFFAOYSA-N,1
HQBHDFIPTKPMSK-UHFFFAOYSA-N,1
SLHJDCIZUADZRG-UHFFFAOYSA-N,1
VKRGLHLCUMMXHA-UHFFFAOYSA-N,4
JUXWUYWPUDKPSD-UHFFFAOYSA-N,3
HEPPJHUJTWZTAR-UHFFFAOYSA-N,1
AOSLDRBVMZNIQT-UHFFFAOYSA-N,1
JCIVIRQSXLTMEF-UHFFFAOYSA-N,3
YBYIRNPNPLQARY-UHFFFAOYSA-N,4
JOMHJSHXRKOBLD-UHFFFAOYSA-N,1
PLFDWSDBRBNQLQ-UHFFFAOYSA-N,1
HBNPHVRKFGNYAV-UHFFFAOYSA-N,1
HFDRUQZFVKHYAB-UHFFFAOYSA-N,2
VQTIIFHVDOCENT-UHFFFAOYSA-N,1
LYLDDPBLQGIRBP-UHFFFAOYSA-N,1
LQYXTWHVHRDLCV-UHFFFAOYSA-N,1
XCMISAPCWHTVNG-UHFFFAOYSA-N,2
SNYURIHMNFPQFL-UHFFFAOYSA-N,1
IPFWGOPYTUCFDC-UHFFFAOYSA-N,1
MKYRMMMSZSVIGD-UHFFFAOYSA-N,3
HRJYGQAACVZSEO-UHFFFAOYSA-N,1
MCGBIXXDQFWVDW-UHFFFAOYSA-N,4
LDHJGIZNAKBGQH-UHFFFAOYSA-N,1
GCPKHMZLLDVKBB-UHFFFAOYSA-N,1
QXJTYPGXXZPECJ-UHFFFAOYSA-N,1
RRFKGPWUTRHKLR-UHFFFAOYSA-N,1
MGTZCDDNEPXFMU-UHFFFAOYSA-N,1
VWCUQNOUUOFWNY-SILLCRNTSA-N,1
VQRLHEWUZAVONN-UHFFFAOYSA-N,1
BZKFMUIJRXWWQK-UHFFFAOYSA-N,5
JBMBVWROWJGFMG-UHFFFAOYSA-N,5
ZYGLLHJTMNMFJS-UHFFFAOYSA-N,14
BWSWWPSCZQSEOD-UHFFFAOYSA-N,1
HOQOADCYROWGQA-UHFFFAOYSA-N,2
JRKPNHLSQGAUDY-UHFFFAOYSA-N,8
FTTATHOUSOIFOQ-UHFFFAOYSA-N,5
WWQOPCBNLPXBGP-UHFFFAOYSA-N,1
WXCCOTBPQKGDQR-UHFFFAOYSA-N,1
JZMJDSHXVKJFKW-UHFFFAOYSA-N,2
BYBGSCXPMGPLFP-UHFFFAOYSA-N,1
GVJBLPOCCUVISD-UHFFFAOYSA-N,1
YGBAOTWJFIEMGH-UHFFFAOYSA-N,2
AYSYSOQSKKDJJY-UHFFFAOYSA-N,4
FURHRJBOFNDYTG-UHFFFAOYSA-N,1
DWMWHJSVKXRRHL-UHFFFAOYSA-N,1
OTQZRNSULNGSQU-LFIBNONCSA-N,1
YXFVVABEGXRONW-UHFFFAOYSA-N,8
JZIBVTUXIVIFGC-UHFFFAOYSA-N,3
JVQIKJMSUIMUDI-UHFFFAOYSA-N,7
XFCNXXLIUSYFDQ-UHFFFAOYSA-N,6
XKLNOVWDVMWTOB-UHFFFAOYSA-N,4
KQIGMPWTAHJUMN-UHFFFAOYSA-N,1
NENLYAQPNATJSU-UHFFFAOYSA-N,6
COQIQRBKEGPRSG-UHFFFAOYSA-N,1
LGZLAZUWFWJJSU-UHFFFAOYSA-N,1
RHUYHJGZWVXEHW-UHFFFAOYSA-N,1
XQEGYCZJSVFGEE-UHFFFAOYSA-N,2
YVOHCRLDUPTKOH-UHFFFAOYSA-N,5
KQRVMHTZHXFBPI-LCYFTJDESA-N,1
JVAOLTKQAIQSHP-UHFFFAOYSA-N,9
NNTVLYHUMVRUTP-UHFFFAOYSA-N,1
MYFABDARUCLUJT-UHFFFAOYSA-N,2
XOHDYBSXKQFZGS-UHFFFAOYSA-N,2
UTCSSFWDNNEEBH-UHFFFAOYSA-O,1
ALHJZQTXSMVJCR-UHFFFAOYSA-N,2
HABIZRORFRVWDO-UHFFFAOYSA-N,2
ZIAFMQXEAJYWKJ-UHFFFAOYSA-N,5
NUCWQHUYDFGVQH-UHFFFAOYSA-N,1
ABVGDXLCJRFCOD-UHFFFAOYSA-O,1
RBWCOKPLLQSZRA-UHFFFAOYSA-N,1
YVEXKCVGQCMXBV-UHFFFAOYSA-N,1
FFRYUAVNPBUEIC-UHFFFAOYSA-N,6
MGJKQDOBUOMPEZ-UHFFFAOYSA-N,3
FYSNXJKKMVLGAG-UHFFFAOYSA-N,1
DLMXEGGJGCPIAP-UHFFFAOYSA-N,1
HXJWFYANUGTDJV-UHFFFAOYSA-N,1
DNNVRTZJRKIUFK-UHFFFAOYSA-N,1
QZWBPPHHWWQBTN-UHFFFAOYSA-N,1
VKHYKHAWFZNIKB-UHFFFAOYSA-N,2
WDBDOFBDJPCBQO-UHFFFAOYSA-N,1
KJRKCWPQTXNNOM-UHFFFAOYSA-N,1
AWJUIBRHMBBTKR-UHFFFAOYSA-O,3
QSKPIOLLBIHNAC-UHFFFAOYSA-N,8
LLCXJIQXTXEQID-UHFFFAOYSA-N,1
AQIXEPGDORPWBJ-UHFFFAOYSA-N,7
JXBKZAYVMSNKHA-UHFFFAOYSA-N,3
XYFCBTPGUUZFHI-UHFFFAOYSA-O,1
XBJGGIPUDZLZMX-UHFFFAOYSA-N,1
PMAXBQOLIUDQFF-UHFFFAOYSA-N,1
JIXCXZJOGOGGIU-UHFFFAOYSA-N,1
JFZSDNLQDTYVEE-UHFFFAOYSA-N,4
LSCPRSARMGLOSF-UHFFFAOYSA-N,1
WOJWXGGCIZZKFQ-UHFFFAOYSA-N,1
GACRQGIFQMUNPR-UHFFFAOYSA-N,1
CYTYCFOTNPOANT-UHFFFAOYSA-N,1
BRIKXGQRJQMLDR-UHFFFAOYSA-N,1
FMLSOUMOHNIGAA-UHFFFAOYSA-N,17
LRMHVVPPGGOAJQ-UHFFFAOYSA-N,6
KONLZSKOEWANRL-UHFFFAOYSA-N,1
LQGLKWIXYWZNGB-UHFFFAOYSA-N,2
KCOPAESEGCGTKM-UHFFFAOYSA-N,5
HZWWPPSYNCZWIU-UHFFFAOYSA-N,1
KGNCISIBONKRFN-UHFFFAOYSA-N,1
TXDPLEIGTGTUHG-UHFFFAOYSA-N,1
QVWDCTQRORVHHT-UHFFFAOYSA-N,1
QNRMTGGDHLBXQZ-UHFFFAOYSA-N,3
VINJECBDFXCRNA-UHFFFAOYSA-N,1
QGYQHHFCSMVOCQ-UHFFFAOYSA-N,2
IRTUAQQHNCOIHI-UHFFFAOYSA-N,3
INLLPKCGLOXCIV-UHFFFAOYSA-N,6
FEJCIXJKPISCJV-UHFFFAOYSA-N,1
VCJCJLZVNOZZLS-UHFFFAOYSA-N,1
IDXLALZVWZGIDG-DJWKRKHSSA-N,1
HROVTGXKYLRLMJ-UHFFFAOYSA-N,2
MWVMYAWMFTVYED-UHFFFAOYSA-N,5
GIBPTWPJEVCTGR-UHFFFAOYSA-N,2
OOMWSVRCBNNBBQ-UHFFFAOYSA-N,1
HHSNQWVRSMBZGX-UHFFFAOYSA-N,2
IUUYKXHWWCDFMA-UHFFFAOYSA-N,2
SMWLPVMJSLTMHQ-UHFFFAOYSA-N,1
FRHVRVVQRCEFOV-UHFFFAOYSA-N,2
GPKOGQHMOGONCL-UHFFFAOYSA-N,2
SXANEOXSBPWLFG-UHFFFAOYSA-N,1
NJRMGRLNTYQJQW-UHFFFAOYSA-N,1
CUFNKYGDVFVPHO-UHFFFAOYSA-N,4
YPDSIEMYVQERLJ-UHFFFAOYSA-N,6
CDDGNGVFPQRJJM-UHFFFAOYSA-N,5
IMRWILPUOVGIMU-UHFFFAOYSA-N,3
AWBOSXFRPFZLOP-UHFFFAOYSA-N,3
LMQNXBWPFCVRKT-UHFFFAOYSA-N,1
GNTARWLCKDAMSW-UHFFFAOYSA-N,1
RGXYOXSZSQMTHT-UHFFFAOYSA-N,2
PRFDQHCVOVMMJC-UHFFFAOYSA-N,3
GEOVEUCEIQCBKH-UHFFFAOYSA-N,1
UHKAJLSKXBADFT-UHFFFAOYSA-N,8
FMIKHVQIXIBVMD-UHFFFAOYSA-N,1
GMKGGOICAYTGNV-UHFFFAOYSA-N,1
ZCRPYCNRFPQFBJ-QHHAFSJGSA-N,1
LRHPLDYGYMQRHN-UHFFFAOYSA-N,3
OWOZAJROCCSXPX-UHFFFAOYSA-N,1
AACVULYSNJAKEQ-UHFFFAOYSA-N,2
LMGPTPVJIAFPLC-UHFFFAOYSA-N,1
BNVQMCWMIRARKH-UHFFFAOYSA-N,3
YWEUXTDZTNRMNR-UHFFFAOYSA-N,1
KJKLBMPVBWUSAF-UHFFFAOYSA-N,1
RZBNSEBSVPLRMA-UHFFFAOYSA-N,1
HTSNMAQKHKWFBA-UHFFFAOYSA-N,1
QCSLOZFEMQTPJA-UHFFFAOYSA-N,1
SWBUHQQTIPEPMK-UHFFFAOYSA-N,1
ZLNPDTOTEVIMMY-UHFFFAOYSA-N,8
BRYXNMQQQRHIIW-UHFFFAOYSA-N,1
KSCPLKVBWDOSAI-UHFFFAOYSA-N,2
SCYULBFZEHDVBN-UHFFFAOYSA-N,1
UKHJNJFJCGBKSF-UHFFFAOYSA-N,2
YVWNDABPZGGQFE-UHFFFAOYSA-N,1
FBMZEITWVNHWJW-UHFFFAOYSA-N,1
JURAJLFHWXNPHG-UHFFFAOYSA-N,1
ZQKMVHXJWJNEQG-UHFFFAOYSA-N,2
AGCRGVOGFVJCAN-XQRVVYSFSA-N,1
HLVFKOKELQSXIQ-UHFFFAOYSA-N,1
XWIYUCRMWCHYJR-UHFFFAOYSA-N,2
IMROMDMJAWUWLK-UHFFFAOYSA-N,17
WRXAZPPGFLETFR-UHFFFAOYSA-N,2
KJFKEPARHUXZHC-UHFFFAOYSA-N,4
QWPPOHNGKGFGJK-UHFFFAOYSA-N,1
USDUKLBSGKRWFW-UHFFFAOYSA-N,1
FDRWQLWAAIWJHS-UHFFFAOYSA-N,5
MZGYULFZYMVEMC-UHFFFAOYSA-N,1
JMANUKZDKDKBJP-UHFFFAOYSA-N,1
PRMIELIAUVKPGX-UHFFFAOYSA-N,2
YYFFEPUCAKVRJX-UHFFFAOYSA-N,3
BTTUXUIQQBLIQE-UHFFFAOYSA-N,2
ZZRODMXZJNLQGD-UHFFFAOYSA-N,2
PHXGAJLBHUUAKB-UHFFFAOYSA-N,5
HBNWFERZVFNTCF-UHFFFAOYSA-O,6
MIRBIZDDMSFTKY-UHFFFAOYSA-N,2
LIYNNEXXAUJWRU-UHFFFAOYSA-N,1
DGCOGZQDAXUUBY-UHFFFAOYSA-N,5
WYZZNMWIWHRXRM-UHFFFAOYSA-N,2
MXNWPWNEZDTFBP-UHFFFAOYSA-N,2
UDWFSJAYXTXMLM-UHFFFAOYSA-N,1
WXEHBUMAEPOYKP-UHFFFAOYSA-N,1
MZBVNYACSSGXID-UHFFFAOYSA-N,4
JTPNRXUCIXHOKM-UHFFFAOYSA-N,3
BHALOOQYPWJPHP-UHFFFAOYSA-N,1
OYODEQFZAJVROF-UHFFFAOYSA-N,1
RJGDLRCDCYRQOQ-UHFFFAOYSA-N,3
LBVZLRMMCRGGEY-UHFFFAOYSA-N,3
BYQNSBGKLLBQIM-UHFFFAOYSA-N,1
PHZJGUFUWHGHEE-UHFFFAOYSA-N,1
NYOMODBLXMBWPR-UHFFFAOYSA-N,1
VSJPAJCAIDAUKK-UHFFFAOYSA-N,3
YKCQWIYRLMNGMO-UHFFFAOYSA-N,2
JLYXXMFPNIAWKQ-UHFFFAOYSA-N,1
MGDLYHUHPIJCBE-UHFFFAOYSA-N,1
PEHDFSFYZKSKGH-UHFFFAOYSA-N,1
OHACMJAMDKRMSW-ONEGZZNKSA-N,1
ZDHCRJXUJMQICM-UHFFFAOYSA-N,3
UFULAYFCSOUIOV-UHFFFAOYSA-N,2
QXVWAKZOOQULDZ-UHFFFAOYSA-N,1
APDPVZBQYLQIMN-UHFFFAOYSA-N,1
WJHJQHNRUMUGTR-UHFFFAOYSA-N,1
JRSKVYIIXZCDOK-UHFFFAOYSA-N,1
XHFPUFOBBSSMDS-UHFFFAOYSA-N,1
HHYXCMWVFLJYDR-UHFFFAOYSA-N,6
JKTCBAGSMQIFNL-UHFFFAOYSA-N,3
WWJJVKAEQGGYHJ-UHFFFAOYSA-N,7
UHNHTTIUNATJKL-UHFFFAOYSA-N,11
PAHVTLRWCQYFEB-UHFFFAOYSA-N,1
RTOFOHGBWKCNAJ-WOJGMQOQSA-N,1
SVUOLADPCWQTTE-UHFFFAOYSA-N,1
MIGSKLMJOJTHNR-UHFFFAOYSA-N,1
ROYYTESGJKJHTH-UHFFFAOYSA-N,2
OVIDPEXLIIWVPH-UHFFFAOYSA-N,1
FDMFUZHCIRHGRG-UHFFFAOYSA-N,1
LOCHFZBWPCLPAN-UHFFFAOYSA-N,1
IDWNSAXOQLJYOF-UHFFFAOYSA-N,1
UEYMZWFDXAEPAX-UHFFFAOYSA-N,2
SOYGNPWMLQHOGD-UHFFFAOYSA-N,3
XMYQHJDBLRZMLW-UHFFFAOYSA-N,1
SAWOLAINNGNEPL-UHFFFAOYSA-N,1
URADZTVVWMDUTB-UHFFFAOYSA-N,1
VPSQANLDYNQATM-UHFFFAOYSA-N,1
NDPDYAYNXDZENL-UHFFFAOYSA-N,1
SWZMSZQQJRKFBP-UHFFFAOYSA-N,1
LRBLEEPNJOPXOB-UHFFFAOYSA-N,1
NNPDYSRXPOFUPW-UHFFFAOYSA-N,1
VWMVIWDYYWTYNN-UHFFFAOYSA-N,1
IONYAPWXJUCNPR-UHFFFAOYSA-N,6
ATRJNSFQBYKFSM-UHFFFAOYSA-N,1
XVYVWBCXJZGTJV-UHFFFAOYSA-N,1
WEMRZBDOQZPUDX-UHFFFAOYSA-N,1
HVTICUPFWKNHNG-UHFFFAOYSA-N,1
QOVYBMWDFFIJOJ-UHFFFAOYSA-N,1
GYFYNROXTWYLTL-UHFFFAOYSA-N,3
MHUXTOYYIDFXRF-UHFFFAOYSA-N,3
NVBFHJWHLNUMCV-UHFFFAOYSA-N,6
HYXJGYTXXVCEQD-UHFFFAOYSA-N,3
JIDPVZPXLORLJX-UHFFFAOYSA-N,1
TUCSVJBIBKCXTN-UHFFFAOYSA-N,1
WHIGSYZUTMYUAX-UHFFFAOYSA-N,1
IYKFYARMMIESOX-UHFFFAOYSA-N,1
QGDYVSSVBYMOJN-UHFFFAOYSA-N,1
HNLARRPJMZYYNF-QGOAFFKASA-N,3
PKQNTFAOZIVXCE-UHFFFAOYSA-N,1
DDMOUSALMHHKOS-UHFFFAOYSA-N,1
AEBWATHAIVJLTA-UHFFFAOYSA-N,1
FDZNFNCZWDFLNG-UHFFFAOYSA-N,2
BFFIACPYUHJBDJ-UHFFFAOYSA-N,1
MKOJUIKPDLFIQI-UHFFFAOYSA-N,2
WBLQOEONNIZSFM-UHFFFAOYSA-N,2
ILVXOBCQQYKLDS-UHFFFAOYSA-N,11
UDBMWFNXDSVYBR-UHFFFAOYSA-N,2
ASDAEGDBNVKHND-UHFFFAOYSA-N,1
HYBXAXQJRPECRK-UHFFFAOYSA-N,3
PYMCWPNDUHYOLW-UHFFFAOYSA-N,1
CSNJTIWCTNEOSW-UHFFFAOYSA-N,1
AIJLVWHBMGUUFH-UHFFFAOYSA-N,1
AVXURJPOCDRRFD-UHFFFAOYSA-N,1
YUTLHLNDAHQGMW-UHFFFAOYSA-N,2
VERHLKAEJFGURC-UHFFFAOYSA-N,1
NWYQUQYGUGXSKF-UHFFFAOYSA-N,2
FNOOZJAPZFHNCW-UHFFFAOYSA-N,2
IQXHLVHHWUKFNN-UHFFFAOYSA-N,1
VSOSXKMEQPYESP-UHFFFAOYSA-N,1
OYELEBBISJGNHJ-UHFFFAOYSA-N,2
ORFPPXNJMKQHIF-UHFFFAOYSA-N,2
MSTDXOZUKAQDRL-UHFFFAOYSA-N,8
JYZUDVSNYNWXHM-UHFFFAOYSA-N,1
VJPFNMREYDOHSR-UHFFFAOYSA-N,1
KPSSIOMAKSHJJG-UHFFFAOYSA-N,2
LTBMTKNTTYEJSD-UHFFFAOYSA-N,3
FAHPNOUTDYSROZ-UHFFFAOYSA-N,1
PAVDBWFMFPEZIE-UHFFFAOYSA-N,2
QCCHBHSAIQIQGO-UHFFFAOYSA-N,1
SRMSAGGBLXAWSZ-UHFFFAOYSA-N,1
XSMDDAFPLXKNOA-UHFFFAOYSA-N,3
NIXGYRHZQFZCCV-UHFFFAOYSA-N,1
PBMFSQRYOILNGV-UHFFFAOYSA-O,2
LLUIHVHWFNSSFO-UHFFFAOYSA-N,1
ZPSJGADGUYYRKE-UHFFFAOYSA-N,5
OQISUJXQFPPARX-UHFFFAOYSA-N,1
BLLFVUPNHCTMSV-UHFFFAOYSA-N,1
ALTGURJQVWBILJ-UHFFFAOYSA-N,1
SFLGSKRGOWRGBR-UHFFFAOYSA-N,3
KKUKTXOBAWVSHC-UHFFFAOYSA-N,5
ATDKHBKTGDEJCJ-UHFFFAOYSA-N,4
PWEFRKZZBVCRQB-UHFFFAOYSA-N,2
DBTDEFJAFBUGPP-UHFFFAOYSA-N,2
NOEXYJSEGGRVLN-UHFFFAOYSA-N,7
GBBVHDGKDQAEOT-UHFFFAOYSA-N,5
AFJWMGOTLUUGHF-UHFFFAOYSA-N,1
ZDVSYHFOSUYVJV-UHFFFAOYSA-N,1
FHRDADQWJDXNPN-UHFFFAOYSA-N,1
PRXGMEURJXGKOP-UHFFFAOYSA-N,3
DCXZONMFGHYWEG-UHFFFAOYSA-N,2
IAMGLKFTCUZWQO-UHFFFAOYSA-N,4
GPZPQJITKRSVQJ-UHFFFAOYSA-N,1
KMSNYNIWEORQDJ-UHFFFAOYSA-N,3
DAZXVJBJRMWXJP-UHFFFAOYSA-O,3
JHZLFAAUEHTQBY-UHFFFAOYSA-N,1
SPLOATCAQGVTQQ-UHFFFAOYSA-N,1
JQEOUMNFAUUDKU-UHFFFAOYSA-N,1
CJQNJRRDTPULTL-UHFFFAOYSA-O,1
IFNWXFDCHWBABW-UHFFFAOYSA-N,4
UUUOHRSINXUJKX-UHFFFAOYSA-N,1
ADRDEXBBJTUCND-UHFFFAOYSA-N,1
KQJQICVXLJTWQD-UHFFFAOYSA-N,3
YXHKONLOYHBTNS-UHFFFAOYSA-N,3
MKIWPODDHGBZRV-UHFFFAOYSA-N,1
SBYHFKPVCBCYGV-UHFFFAOYSA-O,8
QQCRUPWXPBONTC-UHFFFAOYSA-N,1
GZUXJHMPEANEGY-UHFFFAOYSA-N,3
YDCUQJVYYWANPZ-UHFFFAOYSA-N,1
KVVFXAAMMFTLGN-UHFFFAOYSA-N,2
XXOQJWXDRPURJK-UHFFFAOYSA-N,1
OEEYCNOOAHGFHL-UHFFFAOYSA-N,1
VTVRXITWWZGKHV-UHFFFAOYSA-N,8
XYVMOLOUBJBNBF-UHFFFAOYSA-N,1
PFEOZHBOMNWTJB-UHFFFAOYSA-N,8
HAUGRYOERYOXHX-UHFFFAOYSA-N,3
YYTSGNJTASLUOY-UHFFFAOYSA-N,2
RAWPYHHZGFGCCM-UHFFFAOYSA-N,2
ALBKFIJBIPPCPS-UHFFFAOYSA-N,1
DXYRDPWWKXKXEA-UHFFFAOYSA-O,1
QIUBLANJVAOHHY-UHFFFAOYSA-N,1
SVQOWRZOPPHTBB-UHFFFAOYSA-N,1
NSPMIYGKQJPBQR-UHFFFAOYSA-O,1
QUGUFLJIAFISSW-UHFFFAOYSA-N,9
FRVUMMQKVXXSKW-UHFFFAOYSA-N,1
XAJPPIOCMUVBQP-UHFFFAOYSA-N,2
BLQMATAQOCZTSN-UHFFFAOYSA-N,1
QLGBEDSGJVIXFN-UHFFFAOYSA-N,1
FZEYVTFCMJSGMP-UHFFFAOYSA-N,2
HBNWFERZVFNTCF-UHFFFAOYSA-N,2
JPNUMKNGFLALDM-UHFFFAOYSA-N,1
USPWKWBDZOARPV-UHFFFAOYSA-N,1
XUSCOHKHRDQKCI-UHFFFAOYSA-N,2
PCNDJXKNXGMECE-UHFFFAOYSA-N,1
PJQCRMUCKMEACA-UHFFFAOYSA-N,1
UUDALWDRIFYZPM-UHFFFAOYSA-N,2
KZEFZLRNGNWORL-UHFFFAOYSA-N,1
TXBYOQDATFBPDS-HNQUOIGGSA-N,2
VUEWYZJJYGPJDC-UHFFFAOYSA-N,5
UMEIYBJBGZKZOS-UHFFFAOYSA-N,2
CIQVIVMFNGTCEB-UHFFFAOYSA-N,1
SRYUELBJPYCSOY-UHFFFAOYSA-N,1
HRJMECJUZJQTNG-UHFFFAOYSA-N,1
DBDCNCCRPKTRSD-UHFFFAOYSA-N,2
QOPOWUDQPZMJBC-UHFFFAOYSA-N,1
LHRKWGOSUROUHK-UHFFFAOYSA-N,1
WCZJWRSMLDHALH-UHFFFAOYSA-N,1
OCWDJXKSTXCEOU-UHFFFAOYSA-N,1
QKKYDZRSHHHJKU-UHFFFAOYSA-N,1
PEBWOGPSYUIOBP-UHFFFAOYSA-N,6
PLYNVXKJUKCUOF-UHFFFAOYSA-N,2
KCKZIWSINLBROE-UHFFFAOYSA-N,1
GKNLVRYWFYXZFU-UHFFFAOYSA-N,1
GQMPHUXGZCDVGQ-UHFFFAOYSA-N,1
ZQAUNTSBAZCVIO-UHFFFAOYSA-N,9
ZNWLSMNYGTZECE-UHFFFAOYSA-N,1
HZCDANOFLILNSA-UHFFFAOYSA-N,3
BAIYDCLETZLHLQ-UHFFFAOYSA-N,1
QYQQTZFOFMPYCA-NSCUHMNNSA-N,1
JIXHELUJMDZLEA-UHFFFAOYSA-N,2
LKRNZLYYWVHIFZ-UHFFFAOYSA-N,1
IMZBZJQZTZXTQI-UHFFFAOYSA-N,1
QUQMWOHZXVXIBI-UHFFFAOYSA-N,3
AFBBKYQYNPNMAT-UHFFFAOYSA-N,1
MYUHSNVSHMCUMD-UHFFFAOYSA-N,1
DTYVGTMMVDMEFH-UHFFFAOYSA-N,1
OOPAKHKIEGNKDU-GORDUTHDSA-N,1
DHNYYUSSEDURTO-UHFFFAOYSA-N,1
KZHDTFHSWDCZIY-SILLCRNTSA-N,1
JPBHXVRMWGWSMX-UHFFFAOYSA-N,2
KCTVZKPLKCEUJF-UHFFFAOYSA-N,4
XGJYZAAIQYBIKF-UHFFFAOYSA-N,1
HFAYWAUCHUMJMH-UHFFFAOYSA-N,2
UOGQPXQDNUHUIB-UHFFFAOYSA-N,1
JERGQZXGPHHMRW-UHFFFAOYSA-N,1
ODZIKMHXTOPFKO-UHFFFAOYSA-N,1
UEZROEGYRDHMRV-UHFFFAOYSA-N,2
ZXIJMRYMVAMXQP-UHFFFAOYSA-N,1
BALBNSFYMXBWNM-UHFFFAOYSA-N,1
BYYUJTPNKCFZST-UHFFFAOYSA-N,1
JMLWXCJXOYDXRN-UHFFFAOYSA-N,1
HZVHOILAWGOYKI-UHFFFAOYSA-N,2
XKCQASMZNPBLKI-UHFFFAOYSA-N,1
DOAYPBBOVGLBDI-UHFFFAOYSA-N,1
QFJNYZJEUBDSBA-UHFFFAOYSA-N,1
PXHFLWCSJYTAFU-UHFFFAOYSA-N,1
XVKLMYQMVPHUPN-UHFFFAOYSA-N,1
HMIFLKQQRNNSIM-UHFFFAOYSA-N,1
GUNGRVJYWMTRBW-UHFFFAOYSA-N,1
WALPDCNEABONMQ-UHFFFAOYSA-N,2
HBFBGJSRDRGJAS-UHFFFAOYSA-N,1
XLKDJOPOOHHZAN-UHFFFAOYSA-N,2
DACWQSNZECJJGG-UHFFFAOYSA-N,5
WZCKZDGDAAQTCK-UHFFFAOYSA-N,1
NYPYPOZNGOXYSU-UHFFFAOYSA-N,4
ZLLVUAAESHIVAZ-UHFFFAOYSA-N,1
PHQREJCPVUZOGR-UHFFFAOYSA-N,1
GYLMCBOAXJVARF-UHFFFAOYSA-N,1
ALDMAQRTQWQNEM-UHFFFAOYSA-N,1
UGWULZWUXSCWPX-UHFFFAOYSA-N,3
CXSJGNHRBWJXEA-UHFFFAOYSA-N,1
WXFKUMYQEAUETC-UHFFFAOYSA-N,1
FCTLUIYMSZUGKD-UHFFFAOYSA-N,1
UDJFFSGCRRMVFH-UHFFFAOYSA-N,4
PHMRPWPDDRGGGF-UHFFFAOYSA-N,3
KAKQVSNHTBLJCH-UHFFFAOYSA-N,2
VRNJWKISMWDTAY-UHFFFAOYSA-N,1
FYOFUPCSKGJJQF-UHFFFAOYSA-N,3
YFDSDPIBEUFTMI-UHFFFAOYSA-N,1
GJGNHSWJROFFMV-UHFFFAOYSA-N,3
MBRLDMNKKBCRLI-UHFFFAOYSA-N,2
AIKOXNRIBOPIMD-UHFFFAOYSA-N,1
PFCXSNACHOIUGM-UHFFFAOYSA-N,1
GJCOSYZMQJWQCA-UHFFFAOYSA-N,3
SMWDFEZZVXVKRB-UHFFFAOYSA-O,5
KDOPAZIWBAHVJB-UHFFFAOYSA-N,3
QGQTUVWWLFGSQV-UHFFFAOYSA-N,1
NWTWDGUKXFLBBJ-UHFFFAOYSA-N,1
COWVBJCNFHGDDU-UHFFFAOYSA-N,4
NGZVUJUVLHHBDM-ZPHPHTNESA-N,1
RZBSYVZCDZQFDT-QHHAFSJGSA-N,1
OPCJOXGBLDJWRM-UHFFFAOYSA-N,1
NSQGNZDVOPOVGX-UHFFFAOYSA-N,1
COHYTHOBJLSHDF-YPKPFQOOSA-N,2
YMYLCENGLBCRLP-UHFFFAOYSA-N,6
XFLAQEHHWLBOEJ-UHFFFAOYSA-N,1
CLHJCRDLQSIVFR-UHFFFAOYSA-N,2
JRHNUZCXXOTJCA-UHFFFAOYSA-N,4
WFFUVYLIAPPPGM-UHFFFAOYSA-N,1
UTRDMNMBFXKKFY-UHFFFAOYSA-N,3
RGCQVEQFTMWEJV-UHFFFAOYSA-N,1
BDJZCCWUSOZUQG-UHFFFAOYSA-N,2
CDCHBOQVXIGZHA-UHFFFAOYSA-N,3
XJUVOCFMSMLMDJ-UHFFFAOYSA-N,1
XMUFZMQCRLMYIC-UHFFFAOYSA-N,2
OPJCGYKXVZRARE-UHFFFAOYSA-O,1
IJKVHSBPTUYDLN-UHFFFAOYSA-N,1
KDBOHAVLICUIRI-UHFFFAOYSA-N,1
RYYWUUFWQRZTIU-UHFFFAOYSA-N,7
ITUKXRCBQPSCQU-UHFFFAOYSA-N,1
RTWNYYOXLSILQN-UHFFFAOYSA-N,1
VWMQXAYLHOSRKA-UHFFFAOYSA-N,3
HSINECUPBFAESI-UHFFFAOYSA-N,1
ROSDSFDQCJNGOL-UHFFFAOYSA-O,2
JBKVHLHDHHXQEQ-UHFFFAOYSA-N,4
IOMWAAMCMVHWQP-UHFFFAOYSA-N,1
WHEUCCQFKWCFHJ-UHFFFAOYSA-N,5
NDOVLWQBFFJETK-UHFFFAOYSA-N,5
HDZGCSFEDULWCS-UHFFFAOYSA-N,1
OWZRYSHQJWJNBV-UHFFFAOYSA-N,1
GBEMNSRGSOIQIX-UHFFFAOYSA-N,2
TVDFNTWHJNJAJJ-UHFFFAOYSA-N,1
GRHBQAYDJPGGLF-UHFFFAOYSA-N,6
NBMZFZYJLLEMDG-UHFFFAOYSA-N,1
WAGQPIIUJGAYAP-UHFFFAOYSA-N,2
UCIRJYREYJDVKS-UHFFFAOYSA-N,2
IOJUPLGTWVMSFF-UHFFFAOYSA-O,2
LPKIGDXRQSIQBA-UHFFFAOYSA-O,1
MLMFUKWWZIZRHX-UHFFFAOYSA-N,1
HMJCWSYIDJDKQK-UHFFFAOYSA-N,1
RGBVWCQARBEPPW-UHFFFAOYSA-N,3
IJPPPIILHGDFRY-UHFFFAOYSA-N,2
RAXXELZNTBOGNW-UHFFFAOYSA-O,2
VTVRXITWWZGKHV-UHFFFAOYSA-O,1
MPEFSWGYIJNMCW-UHFFFAOYSA-N,1
KSNXJLQDQOIRIP-UHFFFAOYSA-N,2
CSNIZNHTOVFARY-UHFFFAOYSA-N,5
SPRMONVRSNKHFM-UHFFFAOYSA-N,3
PSVXTJFRMXQUCP-UHFFFAOYSA-N,1
SNYOYCMJYVTWEA-UHFFFAOYSA-N,3
OPOJRMTZHYUKLY-UHFFFAOYSA-N,4
WPGQCIFKYNDOET-UHFFFAOYSA-N,1
HYJFZZIKODRHLB-UHFFFAOYSA-N,1
HGBWPBJHWIZVRF-UHFFFAOYSA-N,1
JRNVZBWKYDBUCA-UHFFFAOYSA-N,1
OTBXOEAOVRKTNQ-UHFFFAOYSA-N,1
CJGGKSPGRJHZNP-UHFFFAOYSA-N,2
WVLAAGBGTBJXIQ-UHFFFAOYSA-N,1
NORKKSJFFNKARG-UHFFFAOYSA-N,1
NRKYWOKHZRQRJR-UHFFFAOYSA-N,4
FUTVJICTLVXPHX-UHFFFAOYSA-N,1
CZPWVGJYEJSRLH-UHFFFAOYSA-O,2
OFLXLNCGODUUOT-UHFFFAOYSA-N,1
JOZPEVMCAKXSEY-UHFFFAOYSA-N,3
XGCRFIXLYQQNSO-UHFFFAOYSA-N,1
FUWGSUOSJRCEIV-UHFFFAOYSA-N,1
HAOOXLOWFGXQEQ-UHFFFAOYSA-N,1
ONGVQJNHHCUUFK-UHFFFAOYSA-N,1
PBGVNGZTQYKNIU-UHFFFAOYSA-N,1
RFCXXKWROOFQSI-UHFFFAOYSA-N,1
FQIQIFYRXACMOJ-UHFFFAOYSA-N,3
XCVAJYAFLGYKOU-UHFFFAOYSA-N,1
FWCWFAUHDYOEJV-UHFFFAOYSA-N,1
SBHVNORGKIPGCL-UHFFFAOYSA-N,1
DSBGEAUVOJWQCM-UHFFFAOYSA-N,1
DZKXDEWNLDOXQH-UHFFFAOYSA-N,1
AGBCFJLARPKYOP-UHFFFAOYSA-N,1
UPPRWKTUXKQGFK-UHFFFAOYSA-N,1
RDAZXZVQLQCKMY-UHFFFAOYSA-N,3
FHYFQRCUSZETDW-UHFFFAOYSA-N,1
KKTHJBQQGYXBEC-UHFFFAOYSA-N,1
WDECIBYCCFPHNR-UHFFFAOYSA-N,1
DENYZOAWLVZOLU-UHFFFAOYSA-N,1
LSOMNKGENZXWIQ-UHFFFAOYSA-N,1
FRDAATYAJDYRNW-UHFFFAOYSA-N,1
ULYZAYCEDJDHCC-UHFFFAOYSA-N,5
WFTIGBKWUMCUHC-UHFFFAOYSA-N,2
PUPFOFVEHDNUJU-UHFFFAOYSA-N,1
OPMBJPWFHPGNLA-UHFFFAOYSA-N,1
BGRDGMRNKXEXQD-UHFFFAOYSA-N,1
CTOUNZIAEBIWAW-UHFFFAOYSA-N,3
LEPOWIGZXWVUIY-UHFFFAOYSA-N,4
RPRWRAFHKSJPIG-UHFFFAOYSA-N,1
ZMRPNWSMUISWEG-UHFFFAOYSA-N,1
OAJDIBCWHJQMKZ-UHFFFAOYSA-N,1
LXANPKRCLVQAOG-UHFFFAOYSA-N,2
YIKPJSQNULCKHB-UHFFFAOYSA-N,2
HGRDMMJJFJFWDU-UHFFFAOYSA-N,1
XTGPJCNIOPWATL-UHFFFAOYSA-N,1
CYXQJHOJIQTXLE-UHFFFAOYSA-N,3
CZGGKXNYNPJFAX-UHFFFAOYSA-N,1
YJVOECXUWYQORY-UHFFFAOYSA-N,2
LMZHSPFHCFMDRS-UHFFFAOYSA-N,1
KEHFJHPSOFFXBO-UHFFFAOYSA-N,1
OKJPEAGHQZHRQV-UHFFFAOYSA-N,1
IWHJPYXAFGKABF-UHFFFAOYSA-N,1
YAOAQKUWHFTWDA-UHFFFAOYSA-N,1
MCAHWIHFGHIESP-UHFFFAOYSA-N,1
INRNDPUMEATXKG-UHFFFAOYSA-N,2
IDAICLIJTRXNER-UHFFFAOYSA-N,2
HJSLFCCWAKVHIW-UHFFFAOYSA-N,2
YTSFYTDPSSFCLU-UHFFFAOYSA-N,1
RXORMVVPRRJZCX-UHFFFAOYSA-N,1
PLMHQXSIADFDIE-UHFFFAOYSA-N,1
RKBHBLIDIXHWDL-UHFFFAOYSA-N,2
JGJDEWXZEIHBNW-UHFFFAOYSA-N,1
NRFMSZOETAOKKG-SDNWHVSQSA-N,1
OYAIFRCHRXDXKY-UHFFFAOYSA-N,1
XLHFXQJFZFNQAW-UHFFFAOYSA-N,1
NJLPIJAJTXMMDH-UHFFFAOYSA-N,2
DSWNRHCOGVRDOE-UHFFFAOYSA-N,2
DDSQHINTGSJNJI-UHFFFAOYSA-N,1
PHRCTCAHDRZKNT-UHFFFAOYSA-N,1
WTUNGUOZHBRADH-UHFFFAOYSA-N,1
ZWGWZXKNFDGBJP-UHFFFAOYSA-N,1
CBUMNKAYVLAQLT-UHFFFAOYSA-N,1
KSEHRXUCGLUTMA-UHFFFAOYSA-N,1
KMAWVRYYKYVCNR-UHFFFAOYSA-N,1
XVPBINOPNYFXID-UHFFFAOYSA-N,1
IKHQNUDEPVHVAL-UHFFFAOYSA-N,1
MBFVOYYOWDRWNA-UHFFFAOYSA-N,1
ITFPSSOGLQUVLD-UHFFFAOYSA-N,1
OJXUSJOEITVVLE-UHFFFAOYSA-N,1
VVWRKKGXQLMHDQ-UHFFFAOYSA-N,1
AYGONBYGQDPINZ-UHFFFAOYSA-N,2
SKRPCQXQBBHPKO-UHFFFAOYSA-N,4
VMDDYBPWOKRFOV-UHFFFAOYSA-N,1
HVZJRWJGKQPSFL-UHFFFAOYSA-N,1
KAJXOWFGKYKMMZ-UHFFFAOYSA-N,1
KJJPLEZQSCZCKE-UHFFFAOYSA-N,4
QSLDIPUHQBHQGY-UHFFFAOYSA-N,1
WQABCVAJNWAXTE-UHFFFAOYSA-N,1
WLTKGNUGDGTJOU-UHFFFAOYSA-N,1
OHNNZOOGWXZCPZ-UHFFFAOYSA-N,1
SYLSHUXZUTYTIE-UHFFFAOYSA-N,1
WNKWCVDUFJGGSD-UHFFFAOYSA-O,1
LKQJYCXOAISMSA-UHFFFAOYSA-N,1
DMICIZVPSKKBDO-UHFFFAOYSA-O,1
YHMYGUUIMTVXNW-UHFFFAOYSA-N,1
RIILOVPBJYLGDY-UHFFFAOYSA-N,2
HSEFZZLKHYYCCR-UHFFFAOYSA-N,1
RFUZAPDLTCFPQE-UHFFFAOYSA-N,1
SIQWQBQGWREFSE-UHFFFAOYSA-N,3
ZQDDHAVYNVHMPU-UHFFFAOYSA-N,1
MCEKPQIEQNCWKR-UHFFFAOYSA-N,1
CVRWHBCQJCUBFE-UHFFFAOYSA-N,4
BPNLLIHZSAFABG-UHFFFAOYSA-M,2
QGNQEODJYRGEJX-UHFFFAOYSA-N,2
VSKSBSORLCDRHS-UHFFFAOYSA-N,9
YEGKCFUXLZQWCB-UHFFFAOYSA-N,1
JFOLFKMGRSLBLY-UHFFFAOYSA-N,1
VQMXMZOLILDMHK-UHFFFAOYSA-N,1
ZREPNRXGTSZRJP-UHFFFAOYSA-N,1
GZTMCZAOQTVOJK-UHFFFAOYSA-N,1
SQPNXSQHMBHHDN-UHFFFAOYSA-N,1
QZOUEGGQDIVRTB-UHFFFAOYSA-N,1
GIIGHSIIKVOWKZ-UHFFFAOYSA-N,3
OPHNQCNGCFDEBX-UHFFFAOYSA-N,1
FGLAMNFOHWVQOH-UHFFFAOYSA-N,2
GYIYVTGAOWHWRI-UHFFFAOYSA-N,4
RGRHBBYSMGXVLP-UHFFFAOYSA-N,1
FQSJWPWDUVCMBJ-UHFFFAOYSA-N,2
JNMWHTHYDQTDQZ-UHFFFAOYSA-N,1
JKWQHCSGMTWRIQ-UHFFFAOYSA-N,1
BQZHSMGZORHVAR-UHFFFAOYSA-N,1
RUIZBQQGWNBRFH-UHFFFAOYSA-N,2
KGRPHHFLPMPUBB-UHFFFAOYSA-N,11
VXSJUAHZVWNZQT-UHFFFAOYSA-N,1
RGXUNBIQSDFKSO-UHFFFAOYSA-N,1
GBDZXPJXOMHESU-UHFFFAOYSA-N,1
BPEDVPQPRMAOJG-UHFFFAOYSA-N,1
YAVWRUWYXLAQRT-UHFFFAOYSA-N,1
VODZRKXBWJKZLE-UHFFFAOYSA-N,1
UKAJDOBPPOAZSS-UHFFFAOYSA-N,2
BCQZXOMGPXTTIC-UHFFFAOYSA-N,1
SRNKZYRMFBGSGE-UHFFFAOYSA-N,3
PHTOWWPGFXEOCZ-UHFFFAOYSA-N,1
FYAMGKWVWIUHGH-PKNBQFBNSA-N,1
LGDSHSYDSCRFAB-UHFFFAOYSA-N,1
JXUKFFRPLNTYIV-UHFFFAOYSA-N,5
RMDCSDVIVXJELQ-UHFFFAOYSA-N,3
JGFVERDKRRPANM-UHFFFAOYSA-N,3
UOXIHJUQAKLQME-UHFFFAOYSA-N,2
PLNSIMNZDGCMGC-UHFFFAOYSA-N,1
BSSAVAPAZUPJLX-UHFFFAOYSA-N,1
XZPRNLBXDRSHFU-UHFFFAOYSA-N,1
MRJJQAVHEGLQJJ-UHFFFAOYSA-N,1
YIMCEGNLWJUWNH-UHFFFAOYSA-N,1
ARGCQEVBJHPOGB-UHFFFAOYSA-N,5
CTJAKAQLCQKBTC-UHFFFAOYSA-N,2
IVZRDBCTUIEDIA-UHFFFAOYSA-N,1
GDSQTWDUCDSZEY-UHFFFAOYSA-N,1
LXQMHOKEXZETKB-UHFFFAOYSA-N,1
MUZIZEZCKKMZRT-UHFFFAOYSA-N,3
QCMYYKRYFNMIEC-UHFFFAOYSA-N,2
ITMCEJHCFYSIIV-UHFFFAOYSA-N,1
HNOJSDJMLDYOIK-UHFFFAOYSA-N,1
JWMQSFCBLVGGOW-UHFFFAOYSA-N,1
YMCIVAPEOZDEGH-UHFFFAOYSA-N,1
ZWNWCROZSHWHSF-UHFFFAOYSA-N,1
XNSBRSZLJZUOJH-UHFFFAOYSA-N,1
GDRIHZFXKAVRIE-UHFFFAOYSA-N,1
ITIRVXDSMXFTPW-UHFFFAOYSA-N,4
ZYXBIOIYWUIXSM-UHFFFAOYSA-N,1
BFLFICFLNAYYNA-UHFFFAOYSA-N,1
RFHNXMHKSKFOBX-UHFFFAOYSA-N,2
VJOVAKSZILJDBB-UHFFFAOYSA-N,1
XHBHHEUCDDSMHQ-UHFFFAOYSA-N,1
PZBQVZFITSVHAW-UHFFFAOYSA-N,1
ABJLXUNHSXVTHS-UHFFFAOYSA-N,1
KYYXCNJLXDEJHO-UHFFFAOYSA-N,2
HOBYPSNNFBRLIX-UHFFFAOYSA-N,1
AZHSSKPUVBVXLK-UHFFFAOYSA-N,1
DEWHGUPBXUHVAC-UHFFFAOYSA-N,1
DPPHNCGGFCAZGX-UHFFFAOYSA-N,1
KKUHBVCAEGORJQ-UHFFFAOYSA-N,1
UYZYLAFMPDNCIK-UHFFFAOYSA-N,1
XGHDXNMFSJTSNK-UHFFFAOYSA-N,1
NVFPHKSEIQNWCE-UHFFFAOYSA-N,2
LPKCJFLRJWWIDI-UHFFFAOYSA-N,1
RELMFMZEBKVZJC-UHFFFAOYSA-N,1
NZZFYRREKKOMAT-UHFFFAOYSA-N,1
ZDSUKNAKOLBIPX-UHFFFAOYSA-N,3
ITJAWAXXOCGBFR-UHFFFAOYSA-N,1
KOQSMXWVVDNKGN-UHFFFAOYSA-N,1
YZXBJGIGIIYHGB-UHFFFAOYSA-N,10
BVYVSKMIIGIIDQ-UHFFFAOYSA-N,1
QEXAYZARVWHJJA-UHFFFAOYSA-N,1
ZCHCHJQEWYIJDQ-UHFFFAOYSA-N,2
RSEBUVRVKCANEP-UHFFFAOYSA-N,1
DTNDIIIDXRHADR-UHFFFAOYSA-N,1
PZMKGWRBZNOIPQ-UHFFFAOYSA-N,2
CVEWHNQGBJYWIL-UHFFFAOYSA-N,1
WSSDGZWSPMAECX-UHFFFAOYSA-N,1
CULUYAUTCSKQNM-UHFFFAOYSA-N,2
UNFHOAZOCIELCW-UHFFFAOYSA-N,1
KSCYNUPRAMJFGZ-WQLSENKSSA-N,1
SLEMRAMJSGBARH-UHFFFAOYSA-N,1
HZQXKOJJHREWAA-UHFFFAOYSA-N,1
XZMCDFZZKTWFGF-UHFFFAOYSA-N,1
MFTAJEZTEQICND-UHFFFAOYSA-N,1
RLWXXXHAQBWSPA-UHFFFAOYSA-N,1
XFFMLHAVCZZMOM-UHFFFAOYSA-N,1
QMWBHSCGTBBBBS-UHFFFAOYSA-N,1
HHMPPXIOARAANX-UHFFFAOYSA-N,2
PWRBCZZQRRPXAB-UHFFFAOYSA-O,1
OVRWUZYZECPJOB-UHFFFAOYSA-N,1
TVVVCKLTOKPVGK-UHFFFAOYSA-N,2
JIERTPQAXYMWFA-UHFFFAOYSA-N,1
HDNWKCSXXBAGHD-UHFFFAOYSA-N,1
YILQLXLBBASCSY-UHFFFAOYSA-N,1
SZQQYBLKUFTHSU-UHFFFAOYSA-N,1
BRNULMACUQOKMR-UHFFFAOYSA-N,3
QDXBVEACAWKSFL-UHFFFAOYSA-N,1
SHILIXIOQMHWSO-UHFFFAOYSA-N,1
MAWGHOPSCKCTPA-UHFFFAOYSA-N,1
HERDZZROLGGPBU-UHFFFAOYSA-N,1
KWFWIGXYOMVRSA-UHFFFAOYSA-N,1
SMQYRDCUAAJCHF-UHFFFAOYSA-N,1
FIYXUOWXHWJDAM-UHFFFAOYSA-N,3
ZLHGUGJJHJJVHV-UHFFFAOYSA-N,1
ZJRJPCCEAOYPQH-UHFFFAOYSA-N,2
OYNPGUUKQOODEH-UHFFFAOYSA-N,1
AXMJAJPZBCQNLP-FNORWQNLSA-N,1
FJCAHIFUCPXKCU-UHFFFAOYSA-N,1
ABYDIRBJVTXCJU-UHFFFAOYSA-N,1
SSBCFXADFCWLFD-UHFFFAOYSA-N,1
SVAZIMBLBHOVIR-UHFFFAOYSA-N,1
GGFMMCLYGHGPLA-UHFFFAOYSA-N,2
UWMXUDUWVFWJPX-UHFFFAOYSA-N,4
ZFTBZKVVGZNMJR-UHFFFAOYSA-N,2
MDWYHGRNFQEJRL-UHFFFAOYSA-N,2
UEGQYNDBLSUUET-UHFFFAOYSA-N,1
LDLCZOVUSADOIV-UHFFFAOYSA-N,2
JGAYLPJRZJFTBW-UHFFFAOYSA-N,1
YTYIMDRWPTUAHP-UHFFFAOYSA-N,2
JOHLTMWXHJLNDE-UHFFFAOYSA-N,2
JGOOQALRLGHKIY-UHFFFAOYSA-N,3
NOXPGSDFQWSNSW-UHFFFAOYSA-N,2
JYLILOXPNNBOBA-UHFFFAOYSA-N,1
LOVVGMSLLUKPKJ-UHFFFAOYSA-N,1
WCZVZNOTHYJIEI-UHFFFAOYSA-N,2
ZFOYUOPBKCPTNB-UHFFFAOYSA-N,1
ZCZVGQCBSJLDDS-UHFFFAOYSA-N,1
CWLUFVAFWWNXJZ-UHFFFAOYSA-N,1
SXPNVVUQZYMCDZ-UHFFFAOYSA-N,1
NSWYUFZYRFXKRW-UHFFFAOYSA-N,1
ZCWXAKLJKGJBRM-UHFFFAOYSA-N,1
OKQKDCXVLPGWPO-UHFFFAOYSA-N,1
RISHBQWFBUTROQ-UHFFFAOYSA-N,1
AADYIFLRRCYLRF-UHFFFAOYSA-N,1
ZRZCTHXIQSYCTI-UHFFFAOYSA-N,1
DJWFCTSRLCCWNM-UHFFFAOYSA-N,1
XYWOINJZYYVBQY-UHFFFAOYSA-N,1
XWNSWBOOQNCQFC-UHFFFAOYSA-N,1
QCKGJVGZOGTOEJ-UHFFFAOYSA-N,1
YTFGAXGVYNNHNQ-UHFFFAOYSA-N,1
ADHDUTITAKAASJ-UHFFFAOYSA-N,1
KAAHHLOYOIUHHH-ONEGZZNKSA-N,2
RUSFBSHYCYBCIX-UHFFFAOYSA-N,1
DKAOEWSWPWCFHU-UHFFFAOYSA-N,1
HNRMPXKDFBEGFZ-UHFFFAOYSA-N,1
ANOSMNFFKVJTNK-UHFFFAOYSA-N,1
SGRKIHCYYLPAGA-UHFFFAOYSA-N,5
LKTITJBFVNZWIA-UHFFFAOYSA-N,1
CNRPMQHDWHSKST-UHFFFAOYSA-N,1
CHCAIAFJPJRJSN-UHFFFAOYSA-N,1
YWBULOYFCXZCGF-UHFFFAOYSA-N,1
ZKJIUVMAWYUORT-UHFFFAOYSA-N,1
DQTNSOFVGDSACJ-GHXNOFRVSA-N,2
RPROHCOBMVQVIV-UHFFFAOYSA-N,2
SFCOKGCNIPSUQF-UHFFFAOYSA-N,1
YJCGXNXJGWGRMR-UHFFFAOYSA-N,1
JCBPETKZIGVZRE-UHFFFAOYSA-N,2
LKFZXNUTEIHUEH-UHFFFAOYSA-N,1
RDSIMGKJEYNNLF-UHFFFAOYSA-N,1
VZGDMQKNWNREIO-UHFFFAOYSA-N,1
AAMASMMOQDOZSR-UHFFFAOYSA-N,1
UGYUDBSQGFNRIB-UHFFFAOYSA-N,1
CVKAMHHBWOKCLO-UHFFFAOYSA-N,1
NCGQHWVXJASNHF-UHFFFAOYSA-N,1
LDVTXNQOQIZTLN-UHFFFAOYSA-N,1
RLFFWWKJSJOYMQ-UHFFFAOYSA-N,1
XAVRRVJJYIFROR-UHFFFAOYSA-N,1
QFCMBRXRVQRSSF-UHFFFAOYSA-N,2
MLUVTRZDSIHGAD-UHFFFAOYSA-N,1
WHMXRNGUDUXTIF-UHFFFAOYSA-N,1
USFKYYKLPDRVRQ-UHFFFAOYSA-N,1
FOCAUTSVDIKZOP-UHFFFAOYSA-N,2
AOXKMCGZQRNBTO-UHFFFAOYSA-N,1
HAACOVXIXJBBBG-UHFFFAOYSA-N,1
FAKAXSBJPQGHHQ-UHFFFAOYSA-N,1
RPYPMOKNVPZWKZ-UHFFFAOYSA-N,1
RBNBDIMXFJYDLQ-UHFFFAOYSA-N,6
RVIXKDRPFPUUOO-UHFFFAOYSA-N,1
RLSSMJSEOOYNOY-UHFFFAOYSA-N,3
IWDCLRJOBJJRNH-UHFFFAOYSA-N,1
CKCOPMSBJBNBCQ-UHFFFAOYSA-N,2
YCHAOQCQTCZKIA-UHFFFAOYSA-N,1
INEZMHXAOYSHQE-UHFFFAOYSA-N,1
XXRFGMRIFIOFTC-UHFFFAOYSA-N,1
VFHAASAJOVBCCI-UHFFFAOYSA-N,1
NZUXZSQNFHYMCH-UHFFFAOYSA-N,1
UUNSLHUKPSZLOZ-DUXPYHPUSA-N,4
HGDIHUZVQPKSMO-UHFFFAOYSA-N,1
OAYJDIQHZUEHNU-DJWKRKHSSA-N,1
NKRQZLVQHSYMPO-UHFFFAOYSA-N,3
AAEIECWXDUVVNO-FUQNDXKWSA-N,1
YADZDQJXITVELU-UHFFFAOYSA-N,1
QKETZWCCAQRRJF-KAMYIIQDSA-N,1
NIHUZJPITMUICY-UHFFFAOYSA-N,1
WMVWANOVSOIRNW-UHFFFAOYSA-N,1
YFLINWGSQLMOIT-UHFFFAOYSA-N,1
SQDKUESRHKRLQH-UHFFFAOYSA-N,1
HTHVCEJBZXYCKF-UHFFFAOYSA-N,1
PAFDXDPUQBSUDQ-UHFFFAOYSA-N,1
ZMRBRCBUWFSFSF-UHFFFAOYSA-N,1
LQPOOAJESJYDLS-UHFFFAOYSA-N,1
QIZMFTNGJPBSBT-UHFFFAOYSA-N,1
MVTJEEZBMQUWRA-UHFFFAOYSA-N,1
ZORQXIQZAOLNGE-UHFFFAOYSA-N,1
JUVPNISFHQFHJL-UHFFFAOYSA-N,1
DGJLJKSOSOQKJW-UHFFFAOYSA-N,1
ITOKSWHFPQBNSE-UHFFFAOYSA-N,2
NSGCECVNIHAAIE-UHFFFAOYSA-N,1
BKTKUFVPNVTUGL-UHFFFAOYSA-N,1
APXRHPDHORGIEB-UHFFFAOYSA-N,1
YTRGNBTVTHPFJM-UHFFFAOYSA-N,1
SUPRUPHAEXPGPF-UHFFFAOYSA-N,1
RFLJWRKVLXOZNS-UHFFFAOYSA-N,1
WGBYWVJFADVPPI-UHFFFAOYSA-N,1
DFEYYRMXOJXZRJ-UHFFFAOYSA-N,1
RUSMDMDNFUYZTM-UHFFFAOYSA-N,4
PVHCYDBPRLPQMP-UHFFFAOYSA-N,3
HJOUSWJOPKLCGA-VURMDHGXSA-N,1
NVJSPQCVDHGYRE-UHFFFAOYSA-N,1
WJTCGQSWYFHTAC-UHFFFAOYSA-N,1
BJUPTJXRJDXLHF-UHFFFAOYSA-N,1
YFESJHPTNWYOCO-UHFFFAOYSA-N,1
ALQZQGQZSJGKGQ-UHFFFAOYSA-N,3
HHXMXAQDOUCLDN-UHFFFAOYSA-N,5
KDSJRWDYGDEURS-UHFFFAOYSA-N,2
UAPQMVDYPRZRST-UHFFFAOYSA-N,2
FPEAARFNXIWCTP-UHFFFAOYSA-N,1
OCSYCDVQABSEPJ-UHFFFAOYSA-N,1
OCKIPDMKGPYYJS-UHFFFAOYSA-N,1
IJGRMHOSHXDMSA-UHFFFAOYSA-N,1
IIGPNJYIQVULOI-UHFFFAOYSA-N,1
XBZVSKWEOMJMNL-UHFFFAOYSA-N,1
RUQZYIRKVNGHEL-UHFFFAOYSA-N,1
ALHCNAWSRGPGOK-UHFFFAOYSA-N,1
JAUHHUMGLNVJQI-UHFFFAOYSA-N,1
IUAODDYLXWAHAZ-UHFFFAOYSA-N,2
CYJKORLXJQWEML-UHFFFAOYSA-N,1
UFBBWLWUIISIPW-UHFFFAOYSA-N,2
SJQMAFWGHHENKS-UHFFFAOYSA-N,1
VJSCJTIZNLCOJW-UHFFFAOYSA-N,1
GSQKHDRGZPOOFY-DQIQZUARSA-P,1
ZADWOGNPQABHAV-UHFFFAOYSA-N,1
QHLGGLJSGHUBAT-UHFFFAOYSA-N,1
OPYHGPAHMKVSKQ-UHFFFAOYSA-N,1
BXRNXXXXHLBUKK-UHFFFAOYSA-N,3
YYTRLDXYKLKYPG-UHFFFAOYSA-N,1
ZDWXWLXOJVWCBK-UHFFFAOYSA-N,1
HDFRDWFLWVCOGP-UHFFFAOYSA-N,1
YLPYBXGWNMUHNE-UHFFFAOYSA-N,1
MUGSKSNNEORSJG-UHFFFAOYSA-N,1
RJCGZNCCVKIBHO-UHFFFAOYSA-N,3
WPEVVXOGSYZQDP-UHFFFAOYSA-N,1
PANGDCFLXUDHDI-UHFFFAOYSA-N,1
NFMWAIXSRUDCQB-UHFFFAOYSA-N,1
RADQTHXRZJGDQI-UHFFFAOYSA-N,2
UHEOSCFYXMSUPR-UHFFFAOYSA-O,1
RZXZIZDRFQFCTA-UHFFFAOYSA-N,1
UMIVXZPTRXBADB-UHFFFAOYSA-N,1
PQTYRBGBSLSMAB-UHFFFAOYSA-N,1
IOAOAKDONABGPZ-UHFFFAOYSA-N,2
JWRJYELIMAXNIL-UHFFFAOYSA-N,1
GCQFLMSHYSWNIZ-UHFFFAOYSA-N,2
PISKEWIYDADPFQ-UHFFFAOYSA-N,1
FEFAOCZERLVSIS-UHFFFAOYSA-N,2
UWEYRJFJVCLAGH-UHFFFAOYSA-N,1
UGYZVBUANICGLW-UHFFFAOYSA-N,3
HXNOEHIMWZDRTK-UHFFFAOYSA-N,1
KXJNNLQVMLQKMO-UHFFFAOYSA-N,1
QMGVPVSNSZLJIA-UHFFFAOYSA-N,2
AHWOCJPFIKFAFU-UHFFFAOYSA-N,1
HJFZVTDRWQVFDN-UHFFFAOYSA-N,1
IRVCGVOYFYSFIF-UHFFFAOYSA-N,1
AJOWWPVIORFSRI-UHFFFAOYSA-N,1
KHOORSIGKCMGKS-UHFFFAOYSA-N,1
UUGQYFCRDPAFOP-UHFFFAOYSA-N,2
PSKBCTAXSVTOTA-UHFFFAOYSA-N,1
BPTCCCTWWAUJRK-UHFFFAOYSA-N,1
XTYNIPUFKBBALX-UHFFFAOYSA-N,1
AIFRHYZBTHREPW-UHFFFAOYSA-N,2
UQENVGBKYDWGGR-UHFFFAOYSA-O,1
DWYMPOCYEZONEA-UHFFFAOYSA-N,1
KGJFKHNSLOSGMN-UHFFFAOYSA-N,1
CYXIKYKBLDZZNW-UHFFFAOYSA-N,1
QAOWNCQODCNURD-UHFFFAOYSA-M,1
BRLDZKPJJNASGG-UHFFFAOYSA-N,1
HUDVXJJVCZMCAJ-UHFFFAOYSA-N,1
HLYRMJZSHCAAAA-UHFFFAOYSA-N,1
FDAYLTPAFBGXAB-UHFFFAOYSA-N,1
LQLCSBINLVKMCK-UHFFFAOYSA-N,1
IPWBFGUBXWMIPR-UHFFFAOYSA-N,1
AJQVASAUQUTVJK-UHFFFAOYSA-N,1
OKPVFVMARCHULN-UHFFFAOYSA-N,1
YKVSQAUZGPVSIM-UHFFFAOYSA-N,3
RBOBRXOSWNUVEJ-UHFFFAOYSA-N,1
JHUPGXNKUPOSIE-UHFFFAOYSA-N,1
OXPQWGWFHXELEA-UHFFFAOYSA-N,2
YPWFNLSXQIGJCK-UHFFFAOYSA-N,2
YYNOJCBVROUTEB-UHFFFAOYSA-N,1
UTKKTFNTWPGEHA-UHFFFAOYSA-N,3
HQVPBAFCZLDDNK-UHFFFAOYSA-N,1
QPZGDXHVVSBMCO-UHFFFAOYSA-N,2
LVGPUDKBSXRFFI-UHFFFAOYSA-N,1
QMRIWYCCTCNABA-UHFFFAOYSA-N,1
FZBYRJCVELTCEQ-UHFFFAOYSA-N,1
XFFAHDSUWJSJJK-UHFFFAOYSA-N,1
FDOPVENYMZRARC-UHFFFAOYSA-N,3
XENVIBFIIPSBJW-UHFFFAOYSA-N,1
JBMHEZLAVVPADW-UHFFFAOYSA-N,1
QUDHXVIDAYSUBT-UHFFFAOYSA-N,1
JACRNYOGNYIZTF-UHFFFAOYSA-N,1
ILDHFYGNYDICFB-UHFFFAOYSA-N,1
RBQGKSWYSQGVDV-UHFFFAOYSA-N,1
BKBBHXQBVJMMHW-UHFFFAOYSA-N,1
LYTRMLIZOGOLNE-UHFFFAOYSA-N,1
ZOASGOXWEHUTKZ-UHFFFAOYSA-N,1
UVNXNSUKKOLFBM-UHFFFAOYSA-N,2
BHNZEZWIUMJCGF-UHFFFAOYSA-N,1
GXITUSCERRRNDI-UHFFFAOYSA-N,2
IPDGWIYTNQXKSP-NTMALXAHSA-N,1
TWJBNFDQLFAKOM-UHFFFAOYSA-N,1
ORLNGHHPODFQRV-UHFFFAOYSA-N,1
KNPFJILTTXJDHJ-UHFFFAOYSA-N,1
KTTMEOWBIWLMSE-UHFFFAOYSA-N,1
OQZGLXOADHKTDN-UHFFFAOYSA-N,1
ZWKIJOPJWWZLDI-UHFFFAOYSA-N,3
TVAXADJKLPDCJU-UHFFFAOYSA-N,1
BOKOVLFWCAFYHP-UHFFFAOYSA-N,1
XRZMJWVYXJGIKB-UHFFFAOYSA-N,1
AZAWASJUUVEIPO-UHFFFAOYSA-N,1
AWYMFBJJKFTCFO-UHFFFAOYSA-N,1
ITFXDMMGMUVIDF-UHFFFAOYSA-N,1
CXSWGMUWBFXAMJ-UHFFFAOYSA-N,1
IGSKHXTUVXSOMB-UHFFFAOYSA-N,1
VXRCLUPWXVVYBA-UHFFFAOYSA-N,1
DGIQZKXQEUGFPA-UHFFFAOYSA-N,1
JAUCRHRLZUYTIB-UHFFFAOYSA-N,1
NMPVEAUIHMEAQP-UHFFFAOYSA-N,1
BEUDCHGZCTUAOG-UHFFFAOYSA-N,1
UGWMPDCDNBCROY-UHFFFAOYSA-N,1
WGJYTAVHUDKGNK-UHFFFAOYSA-N,1
ZKAMEFMDQNTDFK-UHFFFAOYSA-N,1
FVNCILPDWNBPLK-UHFFFAOYSA-N,1
LCKUBQBEDRQTRC-UHFFFAOYSA-N,1
IXTGXVWLIBNABC-UHFFFAOYSA-N,1
VHNMLCQRQDZQRK-UHFFFAOYSA-N,1
PMLONMIODRHERC-UHFFFAOYSA-N,2
YIOSBVGXNFWVER-UHFFFAOYSA-N,1
QSMVNPYJNJXKDD-UHFFFAOYSA-N,1
ANJTVLIZGCUXLD-UHFFFAOYSA-N,1
MPIPPNLMZROINB-UHFFFAOYSA-N,1
LKNQXZAHNDFIQY-UHFFFAOYSA-N,1
ZFFYPGZDXUPKNK-UHFFFAOYSA-N,1
FMEHIMDNLRASDU-UHFFFAOYSA-N,1
BADSZRMNXWLUKO-UHFFFAOYSA-N,3
VERCQLOBLOLFMW-UHFFFAOYSA-N,1
KDNRNSWVDGOSGD-UHFFFAOYSA-N,1
KYJQJQZFSBKVJD-UHFFFAOYSA-N,2
WQYAZBFZFIUIPL-UHFFFAOYSA-N,1
ALDXAQBFSDSZJR-UHFFFAOYSA-N,1
YROUKTGODHHOAM-UHFFFAOYSA-N,1
YEVSFCZGCKDXCP-UHFFFAOYSA-N,3
YGMJZGUPBUAOJJ-UHFFFAOYSA-N,1
DWGNXNPLFMHVJS-UHFFFAOYSA-N,1
INPJSDMJYRCDGA-UHFFFAOYSA-N,1
ATPGYYPVVKZFGR-UHFFFAOYSA-N,3
QGKGASXQTBQINX-UHFFFAOYSA-N,1
GOJNABIZVJCYFL-UHFFFAOYSA-N,1
HEOQXHNKRXRCTO-UHFFFAOYSA-N,1
ZMBPACRTNJVRRZ-UHFFFAOYSA-N,1
BVYRZYSFEGKGRP-NSCUHMNNSA-N,1
JCIDEANDDNSHQC-UHFFFAOYSA-N,2
YJIRCOHLVHBXAK-UHFFFAOYSA-N,2
KCQVEOVEACQQBY-NTMALXAHSA-N,1
QRHWGLHBRHBPNR-UHFFFAOYSA-N,1
CNLIIAKAAMFCJG-UHFFFAOYSA-N,2
UVCLVQXCCHSVTH-UHFFFAOYSA-N,1
SYLTXFOKMOCILU-UHFFFAOYSA-N,1
UXEZULVIMJVIFB-UHFFFAOYSA-N,1
RDMFHRSPDKWERA-UHFFFAOYSA-N,1
PAAFOAXCMDETPA-UHFFFAOYSA-N,1
BJVYARVTSUNBMW-UHFFFAOYSA-N,1
LRFPDJRBMUBLHH-UHFFFAOYSA-N,1
KICNGTSGLUFGHH-UHFFFAOYSA-N,1
QJDFJKFCDNMCEX-UHFFFAOYSA-N,1
DMEGQEWPMXDRMO-UHFFFAOYSA-N,2
DIIIISSCIXVANO-UHFFFAOYSA-N,1
JQQABSXUHNBEPB-UHFFFAOYSA-N,1
YTTFFPATQICAQN-UHFFFAOYSA-N,1
JWIYKMOFSFOAAZ-UHFFFAOYSA-N,1
YKFCOMVGLPKVBL-UHFFFAOYSA-N,1
HNDJWMKZZOLOHC-UHFFFAOYSA-N,1
BQCIDUSAKPWEOX-UHFFFAOYSA-N,1
RLPYXXBIHMUZRE-UHFFFAOYSA-N,1
LAAIGLKOUASABW-UHFFFAOYSA-N,1
ZVIOKRWHGOILAU-UHFFFAOYSA-N,1
FPJQYYCGLQSBMU-UHFFFAOYSA-N,1
MGZGPQCRWVOGFE-UHFFFAOYSA-N,1
YMBFFROGXZABOZ-UHFFFAOYSA-N,1
OVXVQBCRONSPDC-UHFFFAOYSA-N,1
VMQLILGAYAPXKA-UHFFFAOYSA-N,2
YBBLOADPFWKNGS-UHFFFAOYSA-N,4
UAJSZPUFRVOOIT-UHFFFAOYSA-N,1
MZFQJBMXUXJUHF-UHFFFAOYSA-N,1
PAQYIEZTLSDLQO-UHFFFAOYSA-N,1
QBELEDRHMPMKHP-UHFFFAOYSA-N,1
GVWNTVLGPGKJBC-UHFFFAOYSA-N,1
DEPFRNXZDKFEBQ-UHFFFAOYSA-N,1
AITNMTXHTIIIBB-UHFFFAOYSA-N,1
GTZDKKUFYHTVDV-UHFFFAOYSA-N,2
QPPVBGMCOGNCSV-UHFFFAOYSA-N,1
COUYFCJCBNJYGF-HWKANZROSA-N,1
RJVMAGLRXOVEGQ-UHFFFAOYSA-N,1
SSUSEIRUUPHVBA-UHFFFAOYSA-N,1
MSGJNOUXBKOZPT-UHFFFAOYSA-N,1
HQRUQWGVQQBQPL-UHFFFAOYSA-N,1
PIOJSCVWTGEZLN-UHFFFAOYSA-N,1
LGQPJRGXBJPFBC-UHFFFAOYSA-N,1
CHSYTEMQTDESFK-UHFFFAOYSA-N,2
WGJUBVJZKNTGRC-UHFFFAOYSA-N,3
DFOVIVREIUWUBR-UHFFFAOYSA-N,1
VUHDNSIJCVRRQM-UHFFFAOYSA-N,1
HOOMNCITVCXDTR-UHFFFAOYSA-N,1
DQJASXZUTVHANO-UHFFFAOYSA-N,1
GBYOLOVLJOLLLR-UHFFFAOYSA-N,1
AZTMMFCJOROKMO-UHFFFAOYSA-N,2
HOCIEUJADYTZNL-UHFFFAOYSA-N,2
DSXKDTZEIWTHRO-UHFFFAOYSA-N,2
VNWNAMUHBIIRIL-UHFFFAOYSA-N,2
MHYQPYXJECGQQX-UHFFFAOYSA-N,1
GXLBYIBLUCJQPM-UHFFFAOYSA-N,1
AVJKYGLRRAMUFU-POHAHGRESA-N,1
HCMMECMKVPHMDE-UHFFFAOYSA-N,1
CADTZABOWSSBKR-UHFFFAOYSA-N,1
HZHTYEIEGPBKKS-UHFFFAOYSA-N,1
ZWAJLVLEBYIOTI-UHFFFAOYSA-N,1
IDXLALZVWZGIDG-GORDUTHDSA-N,1
HAJKHJOABGFIGP-UHFFFAOYSA-N,2
QXDOFVVNXBGLKK-UHFFFAOYSA-N,3
VZOUNANDPPKHBS-UHFFFAOYSA-N,2
VHVUTJZQFZBIRR-UHFFFAOYSA-N,1
OSASVXMJTNOKOY-UHFFFAOYSA-N,1
VRBQMPCMLZNPSK-UHFFFAOYSA-N,1
IHKOXYNAMXNNDK-UHFFFAOYSA-N,2
LAMUXTNQCICZQX-UHFFFAOYSA-N,1
VRJHQPZVIGNGMX-UHFFFAOYSA-N,1
BWRHYLAHIGAFTB-UHFFFAOYSA-N,1
CQUUUGASHVYFFV-UHFFFAOYSA-N,1
KVTUSMPNLUCCQO-UHFFFAOYSA-N,1
DYRCLDJXWXQRCB-UHFFFAOYSA-N,1
VHBXTUNGGAWVHA-UHFFFAOYSA-N,1
NXJOJFLENWJCFI-UHFFFAOYSA-N,1
POIUEWHOQVXIBY-UHFFFAOYSA-N,1
IJPFBRONCJOTTA-UHFFFAOYSA-N,1
GKRZNOGGALENQJ-UHFFFAOYSA-N,1
MBABOKRGFJTBAE-UHFFFAOYSA-N,1
CRZZYXUUPZTFGR-UHFFFAOYSA-N,1
KPIXVJFPMLCLHE-UHFFFAOYSA-N,1
GSBNHPMPEBPESH-UHFFFAOYSA-N,1
YETODIXQMRZKEG-UHFFFAOYSA-N,1
SAWKFRBJGLMMES-UHFFFAOYSA-O,2
UYMKPFRHYYNDTL-UHFFFAOYSA-N,1
WEMNDRSLPDMESM-UHFFFAOYSA-N,2
HETXRURYELPKNS-UHFFFAOYSA-N,1
SBJYTMMGTFZQAD-UHFFFAOYSA-N,1
MAYYPORCWYLNEC-UHFFFAOYSA-N,1
BTEHRXAIAOMTPX-UHFFFAOYSA-N,1
CDYHLSZWYIWBBO-UHFFFAOYSA-N,1
CTOIFBHWBWYJPQ-UHFFFAOYSA-N,1
QGLIOTYTGRWVPT-UHFFFAOYSA-N,1
AYNFOUHSSPFUBW-UHFFFAOYSA-N,1
KDFJMPAZFQVTCR-UHFFFAOYSA-N,1
GMMZHDRIZPZRHW-HWKANZROSA-N,1
GSSJIBLUTINAKG-UHFFFAOYSA-N,1
DFBKLUNHFCTMDC-UHFFFAOYSA-N,1
DKMFCUPVMZECFY-UHFFFAOYSA-N,1
SXCHDDWMFBETRA-UHFFFAOYSA-N,1
XSROQCDVUIHRSI-UHFFFAOYSA-N,1
RSZGQXYMUGKTME-UHFFFAOYSA-N,2
CLIXMDKULFKBQS-UHFFFAOYSA-N,1
WZFOPYGRZNUWSP-UHFFFAOYSA-N,1
LCKYQZIXKGGZDS-UHFFFAOYSA-N,1
BUGMTNJLGMBAKE-UHFFFAOYSA-N,1
XQJNSUNTLIFUSQ-UHFFFAOYSA-N,1
ZCXXDEJQLTXXJL-UHFFFAOYSA-N,1
IEPKYYKIHJSXQJ-UHFFFAOYSA-N,1
ABDWUGVIBSTSBN-UHFFFAOYSA-N,1
XNMQEEKYCVKGBD-UHFFFAOYSA-N,1
ZSBDPRIWBYHIAF-UHFFFAOYSA-N,1
LJRXNXBFJXXRNQ-UHFFFAOYSA-N,1
QTRJVENENRRJJP-UHFFFAOYSA-N,1
NCNMNQZZAUSKMI-SILLCRNTSA-N,1
XBTOQLNLAASWDJ-UHFFFAOYSA-N,1
SLCAVPTUVCCIIB-UHFFFAOYSA-N,1
CYRMSUTZVYGINF-UHFFFAOYSA-N,1
WWJLCYHYLZZXBE-UHFFFAOYSA-N,1
GSMZLBOYBDRGBN-UHFFFAOYSA-N,2
LFBMTFQWORFEHB-UHFFFAOYSA-N,1
XXKDRTXIEZBWPZ-UHFFFAOYSA-N,1
OOFLSGBYNFXOMG-UHFFFAOYSA-N,1
LEEJQTWXRMXYIB-UHFFFAOYSA-N,1
VLXMVSDUQKULHU-UHFFFAOYSA-N,1
MIFJMFOVENWQDP-UHFFFAOYSA-N,2
ANHQLUBMNSSPBV-UHFFFAOYSA-N,2
BZLVMXJERCGZMT-UHFFFAOYSA-N,1
YRIZYWQGELRKNT-UHFFFAOYSA-N,1
KVRLKUHJXXOZLQ-UHFFFAOYSA-N,1
CRCGVKOOPXHYIW-UHFFFAOYSA-N,1
HSQOAURZPIFPOL-UHFFFAOYSA-N,1
FWGXKHUKBVXXCD-UHFFFAOYSA-N,1
FDSNLWGFJUODSA-UHFFFAOYSA-N,1
MKOIWLVTFRQTJW-UHFFFAOYSA-N,1
WHWRXFLOPJUZDK-UHFFFAOYSA-N,1
MWPLVEDNUUSJAV-UHFFFAOYSA-N,1
QHQDQDIBPNJOHJ-UHFFFAOYSA-N,1
JCUNBYYBHDVEEA-UHFFFAOYSA-N,1
RMFJTEMHOPPQER-UHFFFAOYSA-N,1
ADDHGWQXAWKIIL-UHFFFAOYSA-N,1
IRXWBCKPECPALY-UHFFFAOYSA-N,1
JAABVEXCGCXWRR-UHFFFAOYSA-N,1
UNFUYWDGSFDHCW-UHFFFAOYSA-N,1
PGDIPOWQYRAOSK-UHFFFAOYSA-N,1
XMZORJNKKTXVLL-UHFFFAOYSA-N,1
QHKGDMNPQAZMKD-UHFFFAOYSA-N,1
IFRIJEKNVVMZBB-UHFFFAOYSA-N,1
WQOXQRCZOLPYPM-UHFFFAOYSA-N,1
CTGVUJNQRBGMOQ-UHFFFAOYSA-N,1
BTQRRZXJCYXRHL-UHFFFAOYSA-N,1
WROMFHICINADER-UHFFFAOYSA-N,1
IVJLQSOJUNXMDA-UHFFFAOYSA-N,1
ZLUZBALAFPEVOS-UHFFFAOYSA-N,1
FBJHALSFNHADAX-UHFFFAOYSA-N,2
XUFUOVTVKHIWEK-UHFFFAOYSA-N,1
LNJMBBHXZQYKHK-UHFFFAOYSA-N,1
CPIREIREIGGYHN-UHFFFAOYSA-N,1
LWPNMNQOBUKHIG-UHFFFAOYSA-N,1
GZGPRZYZKBQPBQ-UHFFFAOYSA-N,1
SBFLJHLQNAYTIS-UHFFFAOYSA-N,1
UKQPHICLKVWLEU-UHFFFAOYSA-N,1
DEAFRUCANMKYJW-UHFFFAOYSA-N,1
SSTOTANBGDRSRF-UHFFFAOYSA-N,1
BFNNILAMSKQDRN-UHFFFAOYSA-N,1
ASJRGOBHIYUEAX-UHFFFAOYSA-N,1
IEIUIKHMVGQHBH-UHFFFAOYSA-N,1
WYJLUIOFNXGEFN-UHFFFAOYSA-N,1
YZBCFHJWVWRQLD-UHFFFAOYSA-N,1
GKBQQTIVULTKNM-UHFFFAOYSA-N,1
ZPOIHVRMDOVOAX-UHFFFAOYSA-N,2
PWVGKYQTRHJBIL-UHFFFAOYSA-N,1
YSMYHWBQQONPRD-UHFFFAOYSA-N,2
GMJQLUPTGCKGPJ-UHFFFAOYSA-N,2
RODXBOIDZPQDBH-UHFFFAOYSA-N,2
WUWLDOZFKQIIQW-UHFFFAOYSA-N,1
KLYXELPVYMKCTR-UHFFFAOYSA-N,1
ASXVXRVWNRAECB-UHFFFAOYSA-N,1
AXMJAJPZBCQNLP-ALCCZGGFSA-N,1
TTZLTNBTVQVFKS-UHFFFAOYSA-N,1
JKFVLVCDMWPYTE-RAXLEYEMSA-N,1
DJFWAAWRYVKWKA-UHFFFAOYSA-N,1
RFNBPGZNARQUMR-UHFFFAOYSA-N,1
FGKQHXRVPDLTDF-UHFFFAOYSA-N,1
SXRLGVOTIYMYRR-UHFFFAOYSA-N,2
NMUABTXJOKHGMY-UHFFFAOYSA-N,1
MYMOFIZGZYHOMD-UHFFFAOYSA-N,1
PIGMDKJJXMFPRP-UHFFFAOYSA-N,1
BETSDCFTPLYXCT-UHFFFAOYSA-N,1
NYVSDPNXBIEFPW-UHFFFAOYSA-N,1
YDUGVOUXNSWQSW-UHFFFAOYSA-N,1
GTLQQCMKADHZLK-UHFFFAOYSA-N,1
VEHMROQZMLRPSA-UHFFFAOYSA-N,1
SISYOFDWGIZXIE-UHFFFAOYSA-N,2
NEDAHTZRTPAZJJ-UHFFFAOYSA-N,1
NERNEXMEYQFFHU-UHFFFAOYSA-N,1
UQZPGHOJMQTOHB-UHFFFAOYSA-N,1
LRGWDDQANOEEAH-UHFFFAOYSA-N,1
YLQWCDOCJODRMT-UHFFFAOYSA-N,1
AKVKBTWZKYWPNV-UHFFFAOYSA-N,2
VYTPDQSCOXJDJM-UHFFFAOYSA-N,1
HZDXFZHFEASSBM-UHFFFAOYSA-N,2
LXMBRDSPSVCANW-UHFFFAOYSA-N,1
SLYRIXNICMCXFH-UHFFFAOYSA-N,1
AKQBRLCZNUDALS-UHFFFAOYSA-N,1
HKKXBQJJRZCEMZ-CSKARUKUSA-N,1
MFZQJIKENSPRSJ-UHFFFAOYSA-N,1
QZAFNEDMMOJIJL-UHFFFAOYSA-N,1
QVCWUHVQEGPLHI-UHFFFAOYSA-N,2
ISXOBTBCNRIIQO-UHFFFAOYSA-N,2
OAZLXJCFUYYYGO-UHFFFAOYSA-N,1
ODUCDPQEXGNKDN-UHFFFAOYSA-N,1
HRGNUIZWSIKGMT-UHFFFAOYSA-N,1
KASJZXHXXNEULX-UHFFFAOYSA-N,1
BTOALFAGAALOQX-UHFFFAOYSA-O,1
QTWPCRPGYSNPDQ-UHFFFAOYSA-N,1
KAWYASGZISVRAL-UHFFFAOYSA-N,1
GIIWGCBLYNDKBO-UHFFFAOYSA-N,2
PFOPXMCPUFTBNK-UHFFFAOYSA-N,1
SFDGJDBLYNJMFI-UHFFFAOYSA-N,1
CFQIJTPEZBRNDH-UHFFFAOYSA-N,1
LKPFBGKZCCBZDK-UHFFFAOYSA-N,1
GKWIITWUDNYXMG-UHFFFAOYSA-N,3
VLPADTBFADIFKG-UHFFFAOYSA-N,1
FOHJTGMJEJYBPA-UHFFFAOYSA-N,1
WLYWLYVXPCRCCU-UHFFFAOYSA-N,1
ZQKXDVOOBRFCHS-UHFFFAOYSA-N,1
SOPXOVPZBFBRIB-UHFFFAOYSA-N,1
UVBDWPINMVQVHC-UHFFFAOYSA-N,1
MGNZXYYWBUKAII-UHFFFAOYSA-N,1
UMAALFHXVULYAZ-UHFFFAOYSA-N,1
PRNZBCYBKGCOFI-UHFFFAOYSA-N,1
IJUHIGIZXFLJOY-UHFFFAOYSA-N,1
WQQLYIRXJTVHRG-UHFFFAOYSA-N,1
NWMRTUTXGPXHGP-UHFFFAOYSA-N,2
MONJTOUXCWKOFS-UHFFFAOYSA-N,1
SLRCCWJSBJZJBV-UHFFFAOYSA-N,1
RXOVMVJDDMNZCW-UHFFFAOYSA-N,1
UYCITUWAMOADIE-UHFFFAOYSA-N,1
JIYFJXURJYSATI-UHFFFAOYSA-N,1
USQJUMKNJWUXHW-UHFFFAOYSA-N,1
WRRPWBHZXPUYPR-UHFFFAOYSA-N,1
VZAHVSCGUMSECN-UHFFFAOYSA-N,1
PATOMBNPWNCUCQ-UHFFFAOYSA-N,1
KJUGUADJHNHALS-UHFFFAOYSA-O,1
DJJIBYYAHJOUMY-UHFFFAOYSA-N,1
UTRDMNMBFXKKFY-UHFFFAOYSA-O,1
MPHUOBWYLXENME-UHFFFAOYSA-N,1
DRQCKKJPFYWOLS-UHFFFAOYSA-N,1
DISZOLMMUALQSI-UHFFFAOYSA-N,1
XRNVTNJLZPJZPO-UHFFFAOYSA-N,1
GTNVJVBRPMQWBQ-UHFFFAOYSA-N,1
HOOFQCLLFLKXDW-UHFFFAOYSA-N,1
BAQLADORNOPKGE-UHFFFAOYSA-N,1
YRIQHYJMKKZZGD-UHFFFAOYSA-N,1
REGFWZVTTFGQOJ-UHFFFAOYSA-N,1
POPOYOKQQAEISW-UHFFFAOYSA-N,1
CNXVDVMAYXLWPD-UHFFFAOYSA-O,1
JLPLVGUCKRNQLP-UHFFFAOYSA-N,1
YQDGQEKUTLYWJU-UHFFFAOYSA-O,1
GDOPTJXRTPNYNR-UHFFFAOYSA-N,1
XECNYLVKMFDHFM-UHFFFAOYSA-N,1
UHQOPDGATRGDDD-UHFFFAOYSA-N,1
NGGXACLSAZXJGM-UHFFFAOYSA-N,1
HULFLYYUFHXCLJ-UHFFFAOYSA-N,1
SFCRDCSJCHFDTQ-UHFFFAOYSA-N,1
ZRKWMRDKSOPRRS-UHFFFAOYSA-N,1
HIEIAPNHNBNHMR-UHFFFAOYSA-N,1
UZXOXWRLTQCGOK-UHFFFAOYSA-N,2
JTNQNHQPENYUGB-UHFFFAOYSA-N,1
XUSCOHKHRDQKCI-UHFFFAOYSA-O,1
WCKQZOHAJKGZRV-UHFFFAOYSA-N,3
QMWRHQPPBITONV-UHFFFAOYSA-N,1
BLZWHYUSIUWJRV-GIJQJNRQSA-N,1
ROSSIHMZZJOVOU-UHFFFAOYSA-N,1
JGPGETLCXHFQCT-UHFFFAOYSA-N,1
HINYKOJJETXPJQ-WYMLVPIESA-N,1
SFZCNBIFKDRMGX-UHFFFAOYSA-N,1
WWMKILJKQPIYHO-UHFFFAOYSA-N,2
GQPLMRYTRLFLPF-UHFFFAOYSA-N,1
WLLPUNLGTCQBQN-UHFFFAOYSA-N,1
LQKUERRPRLVSLZ-UHFFFAOYSA-N,1
HYPPLJPLJQBWNC-UHFFFAOYSA-N,1
QXGZPUDWSCDXCS-UHFFFAOYSA-N,1
JGCXBWNZYNTBBR-UHFFFAOYSA-N,1
GMJQLUPTGCKGPJ-UHFFFAOYSA-O,1
NSELYKZLLNWRED-UHFFFAOYSA-N,1
VTBSDTXMEGMIBE-UHFFFAOYSA-N,1
MJOUJKDTBGXKIU-UHFFFAOYSA-N,1
ONWPIPUZIXQTQD-UHFFFAOYSA-N,1
QAWBVAQXGNMILL-UHFFFAOYSA-N,1
UZHVXJZEHGSWQV-UHFFFAOYSA-N,3
PONAXVAFSSUYFZ-UHFFFAOYSA-N,1
XZMVYWXGZUMIFK-UHFFFAOYSA-N,1
VJYJJHQEVLEOFL-UHFFFAOYSA-N,1
VRSDIWXVAUOVEA-UHFFFAOYSA-N,1
METCZKIWZIYCPW-UHFFFAOYSA-N,1
IPCRBOOJBPETMF-UHFFFAOYSA-N,1
FTVHMXRCGNWCOL-UHFFFAOYSA-N,1
ZREZGMWPUBDEBJ-UHFFFAOYSA-N,1
BIXBBIPTYBJTRY-UHFFFAOYSA-N,1
UCNYXJAVUBCAHU-UHFFFAOYSA-N,1
SLYRGJDSFOCAAI-UHFFFAOYSA-N,1
URUUZIAJVSGYRC-UHFFFAOYSA-N,1
HDPFKNVPSQSFTJ-UHFFFAOYSA-N,1
TVKNXKLYVUVOCV-UHFFFAOYSA-N,1
WKZVFFMEZJIFRC-UHFFFAOYSA-N,1
DKYBVKMIZODYKL-UHFFFAOYSA-N,1
NDIYBOBXJSFBHO-UHFFFAOYSA-N,1
CKYHKMILBLYUGY-UHFFFAOYSA-N,1
YFBQXUGQIFAFMM-UHFFFAOYSA-N,1
YVGWITITXZRDON-UHFFFAOYSA-N,1
PBTHJVDBCFJQGG-UHFFFAOYSA-N,1
ODQPZHOXLYATLC-UHFFFAOYSA-N,1
SNTIHORTXYXJHO-UHFFFAOYSA-N,1
JLPQPDBPNFLOQK-UHFFFAOYSA-N,2
NARVIWMVBMUEOG-UHFFFAOYSA-N,2
NVTOHCFJQPZFQI-UHFFFAOYSA-N,1
URMVFILWXLQJIP-UHFFFAOYSA-N,1
YWPMKTWUFVOFPL-UHFFFAOYSA-N,1
XGWIRSZFRQRNPG-UHFFFAOYSA-N,1
REKZIPMBGATGJL-UHFFFAOYSA-N,1
NYTVRXLEESHPEC-UHFFFAOYSA-N,1
PIWNKSHCLTZKSZ-UHFFFAOYSA-N,1
ZGIBXGUQFASZGB-UHFFFAOYSA-N,1
NSBVOLBUJPCPFH-UHFFFAOYSA-N,1
DTFGEGNNYKJWSA-UHFFFAOYSA-N,1
QVDVENIYNXDSOK-UHFFFAOYSA-N,1
UTQURXGBTWGNII-UHFFFAOYSA-N,1
GEWRKGDRYZIFNP-UHFFFAOYSA-N,1
AWQVRSQATGSWHM-UHFFFAOYSA-N,1
HRMADANQOQRZNH-UHFFFAOYSA-N,1
RGEBPKNEKKAYBV-UHFFFAOYSA-N,1
DYXJGWLSYLPWMO-UHFFFAOYSA-N,2
FMZMCEKXCHBLKI-UHFFFAOYSA-N,1
NDQJYLCMYHTWIK-UHFFFAOYSA-N,1
FPHNWFFKQCPXPI-UHFFFAOYSA-N,1
CBENFWSGALASAD-UHFFFAOYSA-N,1
RBLXHLSQRPDVQD-UHFFFAOYSA-N,1
POAQFKSUTQWHMZ-UHFFFAOYSA-N,1
IGFAYLVPVZKILX-UHFFFAOYSA-N,1
HIYCYXBDQNHAGJ-UHFFFAOYSA-N,1
WENISBCJPGSITQ-UHFFFAOYSA-N,1
DROZYMFJWSYDRY-UHFFFAOYSA-N,1
OPUUXPIAXCZUOB-UHFFFAOYSA-N,1
JUQAECQBUNODQP-UHFFFAOYSA-N,1
KQMCKDYNYRLDPL-UHFFFAOYSA-N,2
OJEBWFGRUPIVSD-UHFFFAOYSA-N,1
YUKQZLBLVRAJSW-UHFFFAOYSA-N,1
OTTSIBOPBONYJO-UHFFFAOYSA-N,1
MNILDQSRDHCFJG-UHFFFAOYSA-N,2
GFBYDGLNVSKSTJ-UHFFFAOYSA-N,1
RLYRPTQIQCKBMT-UHFFFAOYSA-N,1
USYGMYMAQRYSHL-UHFFFAOYSA-N,1
ZKBQDFAWXLTYKS-UHFFFAOYSA-N,1
QZWYXEBIQWJXAR-UHFFFAOYSA-N,1
ZETKVEOEYGUKIW-OIXVIMQBSA-N,1
GAFHZYQDHZFUNR-UHFFFAOYSA-N,1
UMIZTIYZNFUATK-UHFFFAOYSA-N,1
BUGOPWGPQGYYGR-UHFFFAOYSA-N,1
SSZXCVBFPZLXOD-UHFFFAOYSA-N,1
TXBFKXDFIPFHAV-UHFFFAOYSA-N,1
QNOKZKIKSQKEGQ-UHFFFAOYSA-N,1
JWUJQDFVADABEY-UHFFFAOYSA-N,1
WUPLYDUVSCMDJI-UHFFFAOYSA-N,1
MKZGFOPTKQPUDL-UHFFFAOYSA-N,1
GDZSEAOCYLAVOG-UHFFFAOYSA-N,1
NSAWXSPOKLNMBK-UHFFFAOYSA-N,1
UBHZUDXTHNMNLD-UHFFFAOYSA-N,1
ILMCRZOMKCLIFZ-UHFFFAOYSA-N,1
ISWSIDIOOBJBQZ-UHFFFAOYSA-N,2
ZUOUZKKEUPVFJK-UHFFFAOYSA-N,2
ISPYQTSUDJAMAB-UHFFFAOYSA-N,2
NKDDWNXOKDWJAK-UHFFFAOYSA-N,1
VIEZVNFTVJGVTR-UHFFFAOYSA-N,1
DQTNSOFVGDSACJ-KPKJPENVSA-N,1
NTTQCLSBWRKUIJ-UHFFFAOYSA-N,1
CENVPIZOTHULGJ-UHFFFAOYSA-N,1
BPMFPOGUJAAYHL-UHFFFAOYSA-N,2
ILADHFOYFBUJPH-UHFFFAOYSA-N,1
NFYJTHNLHLDWLE-UHFFFAOYSA-N,1
QMKMOPXRLXYBLI-UHFFFAOYSA-N,1
IFIHYLCUKYCKRH-UHFFFAOYSA-N,1
PVMNPAUTCMBOMO-UHFFFAOYSA-N,1
RDOWQLZANAYVLL-UHFFFAOYSA-N,1
IDCPFAYURAQKDZ-UHFFFAOYSA-N,1
KIPSRYDSZQRPEA-UHFFFAOYSA-N,1
BWESROVQGZSBRX-UHFFFAOYSA-N,1
LHVLWCOGRQHVTA-UHFFFAOYSA-N,1
TZAZXQZADJAQFS-UHFFFAOYSA-N,1
BXXUKVDWHIPJCA-UHFFFAOYSA-N,1
FUVZDXDCPRQZSQ-UHFFFAOYSA-N,1
UUDJQZPFEDJRMU-UHFFFAOYSA-N,1
WFJPOSBWSWPPQF-UHFFFAOYSA-N,1
HWGBLBYCKKHAOB-UHFFFAOYSA-N,2
LQLQRFGHAALLLE-UHFFFAOYSA-N,1
XURWRQCPHKIUBG-UHFFFAOYSA-N,1
JUTLUZRSPWPXFW-UHFFFAOYSA-N,1
KETTVUAIEJKUCZ-UHFFFAOYSA-N,1
ZZISYVLORMLHAY-UHFFFAOYSA-N,1
DUIOPKIIICUYRZ-UHFFFAOYSA-N,1
MAKFMOSBBNKPMS-UHFFFAOYSA-N,1
XKEYAOJRNJYJMM-UHFFFAOYSA-N,1
YOCLKDLWUZVZBQ-UHFFFAOYSA-N,1
WVGCPEDBFHEHEZ-UHFFFAOYSA-N,1
VDHTXLUCUNPVLO-UHFFFAOYSA-N,1
AAAXREMLGAJLCH-UHFFFAOYSA-N,1
SDSPXRGIPYHEJB-UHFFFAOYSA-N,1
IYNGHQNPFGAORC-UHFFFAOYSA-N,1
RCTLNIIGJAMFQP-UHFFFAOYSA-N,1
ITWKGIZBMIUROR-UHFFFAOYSA-N,1
AUIURIPXSQBMJD-UHFFFAOYSA-N,1
OCVLSHAVSIYKLI-UHFFFAOYSA-N,1
GIWAOIJOGCCAFF-UHFFFAOYSA-O,1
WXBVPUSGZDRWFP-UHFFFAOYSA-N,1
KRNSYSYRLQDHDK-UHFFFAOYSA-O,1
NINHKRHIVCXCNS-UHFFFAOYSA-N,1
QYSGYZVSCZSLHT-UHFFFAOYSA-N,1
VLIDBBNDBSNADN-UHFFFAOYSA-N,1
MLXBHOCKBUILHN-UHFFFAOYSA-N,1
PGWZNIRLMUFDDM-UHFFFAOYSA-N,1
PCJFEVUKVKQSSL-UHFFFAOYSA-N,1
MERGMNQXULKBCH-UHFFFAOYSA-N,1
LRBDMVYIUGZSKX-UHFFFAOYSA-N,1
GNILSMQXEIHZMY-UHFFFAOYSA-N,1
KPMKEVXVVHNIEY-UHFFFAOYSA-N,1
GHFDYLOGYDGRHI-UHFFFAOYSA-N,1
GVEPBJHOBDJJJI-UHFFFAOYSA-N,1
OKRBMIBSSWADGS-UHFFFAOYSA-N,1
JHLKSIOJYMGSMB-UHFFFAOYSA-N,1
PNDPGZBMCMUPRI-UHFFFAOYSA-N,1
WRMBQLQIAXVGRD-UHFFFAOYSA-N,1
LEDSAIXFIJNHLZ-UHFFFAOYSA-N,1
NPXCSDPOOVOVDQ-UHFFFAOYSA-N,2
AVYFEHDCFBRPMC-UHFFFAOYSA-N,1
CXHVEWNQMCXEGM-UHFFFAOYSA-N,1
JKOXUFLQVDSVCD-UHFFFAOYSA-N,1
XAIQVALBDWOFRB-UHFFFAOYSA-N,1
VZCSSFQOHKXZNR-UHFFFAOYSA-N,1
NPVXGSMQZSCDQO-UHFFFAOYSA-N,1
JEJQJCKVMQVOHZ-UHFFFAOYSA-N,1
NRHYTISVQONJQT-UHFFFAOYSA-N,1
ZUFXCWFYNITOSV-UHFFFAOYSA-N,1
JZFOBAPWKDEVTA-UHFFFAOYSA-N,1
QMOLZSLXSAVSPU-UHFFFAOYSA-N,1
CGTFYYYJFQYSSZ-QPJJXVBHSA-N,1
OJFSCKNLUYOABN-UHFFFAOYSA-N,1
TUCRZHGAIRVWTI-UHFFFAOYSA-N,1
WLDMPODMCFGWAA-UHFFFAOYSA-N,1
NMMCBIXYIYQHCP-UHFFFAOYSA-N,1
HAYZUYIDFNQXNO-SGAXSIHGSA-N,1
VMNVTOMBWAYPMH-UHFFFAOYSA-N,1
ZKMZPXWMMSBLNO-UHFFFAOYSA-N,1
ZQNKKZXWUZHFOV-UHFFFAOYSA-N,1
YJSTZLNRIMXFOD-UHFFFAOYSA-N,1
GNZYZIMBIPTULY-UHFFFAOYSA-N,1
XQLBCQUFNNIKHN-UHFFFAOYSA-N,1
NBNMBFBYRFDTMS-UHFFFAOYSA-N,1
FWAQVJAOVDYHAF-UHFFFAOYSA-N,1
CCQSGYHHKZCEON-UHFFFAOYSA-N,1
TYJCFMFELXBCOZ-UHFFFAOYSA-N,1
PAVTXINZFWRQOD-UHFFFAOYSA-N,1
TYYIYGAEIQOOQE-UHFFFAOYSA-N,1
NBIIXXVUZAFLBC-UHFFFAOYSA-M,1
YEHSTKKZWWSIMD-UHFFFAOYSA-N,1
BGJSXRVXTHVRSN-UHFFFAOYSA-N,1
HEILCVAZOYRMJU-UHFFFAOYSA-N,1
GSOAMXTUGGNOJK-UHFFFAOYSA-N,1
NOSQDGRIFYYPCV-UHFFFAOYSA-N,1
QUQJMNPJMVUMNE-UHFFFAOYSA-N,1
PCFIPYFVXDCWBW-UHFFFAOYSA-N,1
IJGRUSBFEIVXQP-UHFFFAOYSA-N,1
IIRWXBLPELQQNQ-UHFFFAOYSA-N,1
JHMKGUPCKJSSEF-UHFFFAOYSA-N,1
ZOARDCAGWNRNFE-UHFFFAOYSA-N,1
TYLZSGIRJRUUSQ-UHFFFAOYSA-N,1
VXSSIBFWMVDOQL-UHFFFAOYSA-N,1
UKPAYQUYANHPBO-UHFFFAOYSA-N,1
PXDWMPVOPNRION-UHFFFAOYSA-N,1
ORLOHKLQCQERNP-UHFFFAOYSA-N,1
IPRDZAMUYMOJTA-UHFFFAOYSA-N,1
YYMCYJLIYNNOMK-UHFFFAOYSA-N,1
ADTNQTYUZPHLAS-UHFFFAOYSA-N,1
SEAKDKTVXBDRHV-UHFFFAOYSA-N,1
GDAXJBDYNVDMDF-UHFFFAOYSA-N,1
CHHJDCVKYCVTHD-UHFFFAOYSA-N,1
NPTIPEQJIDTVKR-UHFFFAOYSA-N,1
GAGZNRUIVHZKQV-UHFFFAOYSA-N,1
DWHMMGGJCLDORC-UHFFFAOYSA-N,1
LEPOWIGZXWVUIY-UHFFFAOYSA-O,1
DJHCTCIBGDFXIW-UHFFFAOYSA-N,1
AJKNNUJQFALRIK-UHFFFAOYSA-N,1
HHIZISRHAQPAMY-UHFFFAOYSA-N,1
NFMHSPWHNQRFNR-UHFFFAOYSA-N,1
WATVHVJNYBVODK-UHFFFAOYSA-N,1
GVIJJXMXTUZIOD-UHFFFAOYSA-N,1
YOUYWVQGYBDAKE-UHFFFAOYSA-N,1
MGSBFWIIFWQXSG-UHFFFAOYSA-N,1
WINWPFJMXJBSQW-UHFFFAOYSA-N,1
WNIMPVMSRDFHTD-UHFFFAOYSA-N,1
DWNPWORFBYCFHO-UHFFFAOYSA-N,1
MQJNETSYXIIIKE-UHFFFAOYSA-N,1
XUJOHMHTMULWKX-UHFFFAOYSA-N,1
FKJHGJNBTJPCQL-UHFFFAOYSA-N,1
HGTGZFQXRMBAAS-UHFFFAOYSA-N,1
LLHRWZOIAVWPKH-UHFFFAOYSA-N,1
QQXRAKQAZVATSU-UHFFFAOYSA-N,1
YFIQALNGUVTNHV-UHFFFAOYSA-N,1
TURHFXNFYAKPKW-PKNBQFBNSA-N,1
TWNBFBFTWZXLAG-ALCCZGGFSA-N,1
XONKJZDHGCMRRF-UHFFFAOYSA-N,1
UIBSAKCPWDWPLB-UHFFFAOYSA-N,1
KPAPDFOTQNAQCH-UHFFFAOYSA-N,1
CEJLBZWIKQJOAT-UHFFFAOYSA-N,1
BHFXPKPIPBNKFI-UHFFFAOYSA-N,1
AEKQWEOFKPOMSA-UHFFFAOYSA-N,1
ZGCSNRKSJLVANE-UHFFFAOYSA-N,1
IMRLDNHHTCXOOR-UHFFFAOYSA-N,1
AWQSRASHARXGAH-UHFFFAOYSA-N,1
VOGSDFLJZPNWHY-UHFFFAOYSA-N,1
BPNLLIHZSAFABG-UHFFFAOYSA-N,1
MZJYQXPULRLGCA-UHFFFAOYSA-N,1
JMHYNOCZNRXMLN-UHFFFAOYSA-N,1
RIZGKEIRSQLIBK-NSCUHMNNSA-N,1
PEHVGBZKEYRQSX-UHFFFAOYSA-N,1
CJNWCWVQGCSQRA-UHFFFAOYSA-N,1
BVMWIXWOIGJRGE-UHFFFAOYSA-N,1
QQFOUFLDXZZQRT-UHFFFAOYSA-N,2
GBOWIKYCIROSIV-UHFFFAOYSA-N,1
JURLNXPXCMWCHE-WAPJZHGLSA-N,1
JNUQDPXTKWZWFG-UHFFFAOYSA-N,1
MHGNHOCSUUQJBI-UHFFFAOYSA-N,1
PQDJYEQOELDLCP-UHFFFAOYSA-N,1
GAHFFZDPDRNMNC-UHFFFAOYSA-N,1
UHAFYHPCGMJBEJ-UHFFFAOYSA-N,1
VQMSEQHZGGGESV-UHFFFAOYSA-N,1
TUCUGMSPHGMPOI-UHFFFAOYSA-N,1
CNBOEVIIGKGPBM-UHFFFAOYSA-N,1
CRNNFEKVPRFZKJ-UHFFFAOYSA-N,1
XYQHHZBHCNTVEH-UHFFFAOYSA-N,1
AMFYRKOUWBAGHV-UHFFFAOYSA-N,1
CGRSIAQTWWBUEJ-UHFFFAOYSA-N,1
BXWBQTQOLYNKLT-UHFFFAOYSA-N,1
DGZAIYFFYUKQQT-UHFFFAOYSA-N,1
YVHBSYTYLQYTOU-UHFFFAOYSA-N,1
BTVWZWFKMIUSGS-UHFFFAOYSA-N,1
QTGCFPFFNWGZDN-UHFFFAOYSA-N,1
JZQBAGOECGRTSA-UHFFFAOYSA-M,1
RNAAXKYOTPSFGV-UHFFFAOYSA-N,1
ZJSVBILSBHWRTN-UHFFFAOYSA-N,1
RYXJXPHWRBWEEB-UHFFFAOYSA-N,1
ISUGIGYULKBZKZ-UHFFFAOYSA-N,1
RETLHPVSCPDAOO-UHFFFAOYSA-N,1
CQTGQYVQJOJQCM-UHFFFAOYSA-N,1
XNQRCKXYHMSLNH-UHFFFAOYSA-N,1
DUBIGALENHPYPH-UHFFFAOYSA-N,1
IRDDSLSMKXUKTG-UHFFFAOYSA-N,1
NTCZXUFXVRQSMX-UHFFFAOYSA-N,1
